ad_archive_id,ad_creative_bodies
988735132879405,"#–ù–µ–º–∞–û—Ç–∫–∞–∂—É–≤–∞—ö–µ–û–¥–ò–¥–Ω–∏–Ω–∞—Ç–∞ 
#–°–î–°–ú #–ê–µ—Ä–æ–¥—Ä–æ–º
#–ú–∞–∫–µ–¥–æ–Ω–∏—ò–∞"
1138731707263665,"–î–µ–Ω–µ—Å —Ä–∞–∑–≥–æ–≤–∞—Ä–∞–≤–º–µ –∑–∞ –ø–æ—Ç—Ä–µ–±–∞—Ç–∞ –∑–∞ —Ü–µ–ª–æ—Å–Ω–∞ –∏ –∞–∫—Ç–∏–≤–Ω–∞ –º–æ–±–∏–ª–∏–∑–∞—Ü–∏—ò–∞ –Ω–∞ –¥–µ–º–æ–∫—Ä–∞—Ç—Å–∫–∏—Ç–µ —Å–∏–ª–∏ –∑–∞ –¥–∞ —Å–µ –æ—Å–∏–≥—É—Ä–∞ –ø–æ–Ω–∞—Ç–∞–º–æ—à–Ω–∏–æ—Ç –ø—Ä–æ–≥—Ä–µ—Å –Ω–∞ –¥—Ä–∂–∞–≤–∞—Ç–∞. 

–°—ê —É—à—Ç–µ –Ω–µ –µ –¥–æ—Ü–Ω–∞ –¥–∞ —Å–µ —Å–º–µ–Ω–∏ –ø—Ä–∞–≤–µ—Ü–æ—Ç. –°–î–°–ú –µ –µ–¥–∏–Ω—Å—Ç–≤–µ–Ω–∞—Ç–∞ –ø–∞—Ä—Ç–∏—ò–∞ –∫–æ—ò–∞ –µ –ø–æ–¥–≥–æ—Ç–≤–µ–Ω–∞ –¥–∞ —Å–µ –±–æ—Ä–∏ –∑–∞ –≥—Ä–∞—ì–∞–Ω–∏—Ç–µ –∏ –∑–∞ –∏–¥–Ω–∏–Ω–∞—Ç–∞ –Ω–∞ –¥—Ä–∂–∞–≤–∞—Ç–∞. –û–±–µ–¥–∏–Ω–µ—Ç–∏ —Å–º–µ –∏ —Å–∏–ª–Ω–∏, —Å–º–µ –∏–∑–¥—Ä–∂–∞–ª–µ –∏ –≤—Ä–µ–º–µ –∏ –Ω–µ–≤—Ä–µ–º–µ, –∏ –¥–æ–±—Ä–æ –∏ –ª–æ—à–æ –∏ —Å–µ–∫–æ–≥–∞—à —Å–º–µ –±–∏–ª–µ –Ω–∞ –±—Ä–∞–Ω–∏–∫–æ—Ç –Ω–∞ —Ç–∞—Ç–∫–æ–≤–∏–Ω–∞—Ç–∞. –°–î–°–ú –µ –ø–∞—Ä—Ç–∏—ò–∞ –Ω–∞–ø—Ä–∞–≤–µ–Ω–∞ –æ–¥ —Ü–≤—Ä—Å—Ç –º–∞—Ç–µ—Ä–∏—ò–∞–ª. –û—Ç–∫–∞–∂—É–≤–∞—ö–µ—Ç–æ –Ω–µ –µ –æ–ø—Ü–∏—ò–∞ –∑–∞ –Ω–∞—Å. 

–ü–æ–¥–∞–≤–∞–º–µ —Ä–∞–∫–∞ –∏ –≥–∏ –ø–æ–≤–∏–∫—É–≤–∞–º–µ —Å–∏—Ç–µ –ø—Ä–æ–≥—Ä–µ—Å–∏–≤–Ω–∏ —Å–∏–ª–∏ –Ω–∞ 8 –º–∞—ò, –¥–∞ –≥–ª–∞—Å–∞–∞—Ç –ó–ê –ø—Ä–æ–≥—Ä–µ—Å–∏–≤–Ω–∞ –ú–∞–∫–µ–¥–æ–Ω–∏—ò–∞. –ó–∞–µ–¥–Ω–∏—á–∫–∏ –¥–∞ –Ω–µ –¥–æ–∑–≤–æ–ª–∏–º–µ –¥–∞ –Ω–∏ —Å–µ –≤—Ä–∞—Ç–∏ –∑–∞—Ä–æ–±–µ–Ω–∞—Ç–∞ –¥—Ä–∂–∞–≤–∞ –∏ —Ä–µ–∂–∏–º—Å–∫–æ—Ç–æ –º–∏–Ω–∞—Ç–æ, –≤—Ä–µ–º–µ—Ç–æ –Ω–∞ –≤–Ω–∞—Ç—Ä–µ—à–Ω–∏ –∫–æ–Ω—Ñ–ª–∏–∫—Ç–∏ –∏ –ø–æ–¥–µ–ª–±–∏.

#–ù–µ–º–∞–û—Ç–∫–∞–∂—É–≤–∞—ö–µ–û–¥–ò–¥–Ω–∏–Ω–∞—Ç–∞ #–ó–∞–æ–∫—Ä—É–∂–∏1"
1462600661315120,"–°–î–°–ú –µ –µ–¥–∏–Ω—Å—Ç–≤–µ–Ω–∞—Ç–∞ –ø–∞—Ä—Ç–∏—ò–∞ –∫–æ—ò–∞ –µ –ø–æ–¥–≥–æ—Ç–≤–µ–Ω–∞ –¥–∞ —Å–µ –±–æ—Ä–∏ –∑–∞ –≥—Ä–∞—ì–∞–Ω–∏—Ç–µ –∏ –∑–∞ –∏–¥–Ω–∏–Ω–∞—Ç–∞ –Ω–∞ –¥—Ä–∂–∞–≤–∞—Ç–∞. 

–û–±–µ–¥–∏–Ω–µ—Ç–∏ —Å–º–µ –∏ —Å–∏–ª–Ω–∏, —Å–º–µ –∏–∑–¥—Ä–∂–∞–ª–µ –∏ –≤—Ä–µ–º–µ –∏ –Ω–µ–≤—Ä–µ–º–µ, –∏ –¥–æ–±—Ä–æ –∏ –ª–æ—à–æ –∏ —Å–µ–∫–æ–≥–∞—à —Å–º–µ –±–∏–ª–µ –Ω–∞ –±—Ä–∞–Ω–∏–∫–æ—Ç –Ω–∞ —Ç–∞—Ç–∫–æ–≤–∏–Ω–∞—Ç–∞. 

–°–î–°–ú –µ –ø–∞—Ä—Ç–∏—ò–∞ –Ω–∞–ø—Ä–∞–≤–µ–Ω–∞ –æ–¥ —Ü–≤—Ä—Å—Ç –º–∞—Ç–µ—Ä–∏—ò–∞–ª. –û—Ç–∫–∞–∂—É–≤–∞—ö–µ—Ç–æ –Ω–µ –µ –æ–ø—Ü–∏—ò–∞ –∑–∞ –Ω–∞—Å. 

–ü–æ–¥–∞–≤–∞–º–µ —Ä–∞–∫–∞ –∏ –≥–∏ –ø–æ–≤–∏–∫—É–≤–∞–º–µ —Å–∏—Ç–µ –ø—Ä–æ–≥—Ä–µ—Å–∏–≤–Ω–∏ —Å–∏–ª–∏ –Ω–∞ 8 –º–∞—ò, –¥–∞ –≥–ª–∞—Å–∞–∞—Ç –ó–ê –ø—Ä–æ–≥—Ä–µ—Å–∏–≤–Ω–∞ –ú–∞–∫–µ–¥–æ–Ω–∏—ò–∞. –ó–∞–µ–¥–Ω–∏—á–∫–∏ –¥–∞ –Ω–µ –¥–æ–∑–≤–æ–ª–∏–º–µ –¥–∞ –Ω–∏ —Å–µ –≤—Ä–∞—Ç–∏ –∑–∞—Ä–æ–±–µ–Ω–∞—Ç–∞ –¥—Ä–∂–∞–≤–∞ –∏ —Ä–µ–∂–∏–º—Å–∫–æ—Ç–æ –º–∏–Ω–∞—Ç–æ, –≤—Ä–µ–º–µ—Ç–æ –Ω–∞ –≤–Ω–∞—Ç—Ä–µ—à–Ω–∏ –∫–æ–Ω—Ñ–ª–∏–∫—Ç–∏ –∏ –ø–æ–¥–µ–ª–±–∏.

#–ù–µ–º–∞–û—Ç–∫–∞–∂—É–≤–∞—ö–µ–û–¥–ò–¥–Ω–∏–Ω–∞—Ç–∞ #–ó–∞–æ–∫—Ä—É–∂–∏1"
1168468637617703,"–î–µ–Ω–µ—Å —Ä–∞–∑–≥–æ–≤–∞—Ä–∞–≤–º–µ –∑–∞ –ø–æ—Ç—Ä–µ–±–∞—Ç–∞ –∑–∞ —Ü–µ–ª–æ—Å–Ω–∞ –∏ –∞–∫—Ç–∏–≤–Ω–∞ –º–æ–±–∏–ª–∏–∑–∞—Ü–∏—ò–∞ –Ω–∞ –¥–µ–º–æ–∫—Ä–∞—Ç—Å–∫–∏—Ç–µ —Å–∏–ª–∏ –∑–∞ –¥–∞ —Å–µ –æ—Å–∏–≥—É—Ä–∞ –ø–æ–Ω–∞—Ç–∞–º–æ—à–Ω–∏–æ—Ç –ø—Ä–æ–≥—Ä–µ—Å –Ω–∞ –¥—Ä–∂–∞–≤–∞—Ç–∞. 

–°—ê —É—à—Ç–µ –Ω–µ –µ –¥–æ—Ü–Ω–∞ –¥–∞ —Å–µ —Å–º–µ–Ω–∏ –ø—Ä–∞–≤–µ—Ü–æ—Ç. –°–î–°–ú –µ –µ–¥–∏–Ω—Å—Ç–≤–µ–Ω–∞—Ç–∞ –ø–∞—Ä—Ç–∏—ò–∞ –∫–æ—ò–∞ –µ –ø–æ–¥–≥–æ—Ç–≤–µ–Ω–∞ –¥–∞ —Å–µ –±–æ—Ä–∏ –∑–∞ –≥—Ä–∞—ì–∞–Ω–∏—Ç–µ –∏ –∑–∞ –∏–¥–Ω–∏–Ω–∞—Ç–∞ –Ω–∞ –¥—Ä–∂–∞–≤–∞—Ç–∞. –û–±–µ–¥–∏–Ω–µ—Ç–∏ —Å–º–µ –∏ —Å–∏–ª–Ω–∏, —Å–º–µ –∏–∑–¥—Ä–∂–∞–ª–µ –∏ –≤—Ä–µ–º–µ –∏ –Ω–µ–≤—Ä–µ–º–µ, –∏ –¥–æ–±—Ä–æ –∏ –ª–æ—à–æ –∏ —Å–µ–∫–æ–≥–∞—à —Å–º–µ –±–∏–ª–µ –Ω–∞ –±—Ä–∞–Ω–∏–∫–æ—Ç –Ω–∞ —Ç–∞—Ç–∫–æ–≤–∏–Ω–∞—Ç–∞. –°–î–°–ú –µ –ø–∞—Ä—Ç–∏—ò–∞ –Ω–∞–ø—Ä–∞–≤–µ–Ω–∞ –æ–¥ —Ü–≤—Ä—Å—Ç –º–∞—Ç–µ—Ä–∏—ò–∞–ª. –û—Ç–∫–∞–∂—É–≤–∞—ö–µ—Ç–æ –Ω–µ –µ –æ–ø—Ü–∏—ò–∞ –∑–∞ –Ω–∞—Å. 

–ü–æ–¥–∞–≤–∞–º–µ —Ä–∞–∫–∞ –∏ –≥–∏ –ø–æ–≤–∏–∫—É–≤–∞–º–µ —Å–∏—Ç–µ –ø—Ä–æ–≥—Ä–µ—Å–∏–≤–Ω–∏ —Å–∏–ª–∏ –Ω–∞ 8 –º–∞—ò, –¥–∞ –≥–ª–∞—Å–∞–∞—Ç –ó–ê –ø—Ä–æ–≥—Ä–µ—Å–∏–≤–Ω–∞ –ú–∞–∫–µ–¥–æ–Ω–∏—ò–∞. –ó–∞–µ–¥–Ω–∏—á–∫–∏ –¥–∞ –Ω–µ –¥–æ–∑–≤–æ–ª–∏–º–µ –¥–∞ –Ω–∏ —Å–µ –≤—Ä–∞—Ç–∏ –∑–∞—Ä–æ–±–µ–Ω–∞—Ç–∞ –¥—Ä–∂–∞–≤–∞ –∏ —Ä–µ–∂–∏–º—Å–∫–æ—Ç–æ –º–∏–Ω–∞—Ç–æ, –≤—Ä–µ–º–µ—Ç–æ –Ω–∞ –≤–Ω–∞—Ç—Ä–µ—à–Ω–∏ –∫–æ–Ω—Ñ–ª–∏–∫—Ç–∏ –∏ –ø–æ–¥–µ–ª–±–∏.

#–ù–µ–º–∞–û—Ç–∫–∞–∂—É–≤–∞—ö–µ–û–¥–ò–¥–Ω–∏–Ω–∞—Ç–∞ #–ó–∞–æ–∫—Ä—É–∂–∏1"
1366791877252741,"–î–æ–±–∏–≤–∞–º–µ –≥–æ–ª–µ–º–∞ –ø–æ–¥–¥—Ä—à–∫–∞ –æ–¥ –Ω–∞—à–∏—Ç–µ —Å—Ç—Ä–∞—Ç–µ—à–∫–∏ –ø–∞—Ä—Ç–Ω–µ—Ä–∏ –∏ –ø—Ä–∏—ò–∞—Ç–µ–ª–∏ –Ω–∞ –Ω–∞—à–∏–æ—Ç –ø–∞—Ç –∫–æ–Ω –ø–æ–ª–Ω–æ–ø—Ä–∞–≤–Ω–æ—Ç–æ —á–ª–µ–Ω—Å—Ç–≤–æ –≤–æ –ï–£.  

–°–∞–º–æ –°–î–°–ú –∏ –ö–æ–∞–ª–∏—Ü–∏—ò–∞—Ç–∞ –∑–∞ –µ–≤—Ä–æ–ø—Å–∫–∞ –∏–¥–Ω–∏–Ω–∞, –∑–∞–µ–¥–Ω–æ —Å–æ –ø—Ä–µ—Ç—Å–µ–¥–∞—Ç–µ–ª–æ—Ç –°—Ç–µ–≤–æ –ü–µ–Ω–¥–∞—Ä–æ–≤—Å–∫–∏ –∏–º–∞–∞—Ç –ª–∏–¥–µ—Ä—Å–∫–∏ –∞–º–±–∏—Ü–∏–∏ –∏ –∑–Ω–∞–µ—ö–µ –¥–∞ —ò–∞ –≤–æ–¥–∞—Ç –¥—Ä–∂–∞–≤–∞—Ç–∞ –ø–æ –µ–≤—Ä–æ–ø—Å–∫–∏–æ—Ç –ø–∞—Ç.  

–°–æ —ò–∞—Å–Ω–∞ –∏ –Ω–µ–¥–≤–æ—Å–º–∏—Å–ª–µ–Ω–∞ –ø–æ–¥–¥—Ä—à–∫–∞ —Å–∏–≥—É—Ä–Ω–æ —á–µ–∫–æ—Ä–∏–º–µ –ø–æ –ø–∞—Ç–æ—Ç –Ω–∞ –µ–≤—Ä–æ–ø—Å–∫–∏—Ç–µ –∏–Ω—Ç–µ–≥—Ä–∞—Ü–∏–∏. –ì–ª–∞—Å–æ—Ç –∑–∞ –°–î–°–ú –∏ –ö–æ–∞–ª–∏—Ü–∏—ò–∞—Ç–∞ –∑–∞ –µ–≤—Ä–æ–ø—Å–∫–∞ –∏–¥–Ω–∏–Ω–∞ –∏ –∑–∞ –°—Ç–µ–≤–æ –ü–µ–Ω–¥–∞—Ä–æ–≤—Å–∫–∏ –µ –≥–ª–∞—Å –∑–∞ –µ–≤—Ä–æ–ø—Å–∫–∞—Ç–∞ –∏–¥–Ω–∏–Ω–∞ –Ω–∞ –¥—Ä–∂–∞–≤–∞—Ç–∞.  

–ù–µ–º–∞ –æ—Ç–∫–∞–∂—É–≤–∞—ö–µ –æ–¥ –µ–≤—Ä–æ–ø—Å–∫–∞—Ç–∞ –∏–¥–Ω–∏–Ω–∞! üá≤üá∞üá™üá∫"
322751967223848,"–î–æ–±–∏–≤–∞–º–µ –≥–æ–ª–µ–º–∞ –ø–æ–¥–¥—Ä—à–∫–∞ –æ–¥ –Ω–∞—à–∏—Ç–µ —Å—Ç—Ä–∞—Ç–µ—à–∫–∏ –ø–∞—Ä—Ç–Ω–µ—Ä–∏ –∏ –ø—Ä–∏—ò–∞—Ç–µ–ª–∏ –Ω–∞ –Ω–∞—à–∏–æ—Ç –ø–∞—Ç –∫–æ–Ω –ø–æ–ª–Ω–æ–ø—Ä–∞–≤–Ω–æ—Ç–æ —á–ª–µ–Ω—Å—Ç–≤–æ –≤–æ –ï–£.  

–°–∞–º–æ –°–î–°–ú –∏ –ö–æ–∞–ª–∏—Ü–∏—ò–∞—Ç–∞ –∑–∞ –µ–≤—Ä–æ–ø—Å–∫–∞ –∏–¥–Ω–∏–Ω–∞, –∑–∞–µ–¥–Ω–æ —Å–æ –ø—Ä–µ—Ç—Å–µ–¥–∞—Ç–µ–ª–æ—Ç –°—Ç–µ–≤–æ –ü–µ–Ω–¥–∞—Ä–æ–≤—Å–∫–∏ –∏–º–∞–∞—Ç –ª–∏–¥–µ—Ä—Å–∫–∏ –∞–º–±–∏—Ü–∏–∏ –∏ –∑–Ω–∞–µ—ö–µ –¥–∞ —ò–∞ –≤–æ–¥–∞—Ç –¥—Ä–∂–∞–≤–∞—Ç–∞ –ø–æ –µ–≤—Ä–æ–ø—Å–∫–∏–æ—Ç –ø–∞—Ç.  

–°–æ —ò–∞—Å–Ω–∞ –∏ –Ω–µ–¥–≤–æ—Å–º–∏—Å–ª–µ–Ω–∞ –ø–æ–¥–¥—Ä—à–∫–∞ —Å–∏–≥—É—Ä–Ω–æ —á–µ–∫–æ—Ä–∏–º–µ –ø–æ –ø–∞—Ç–æ—Ç –Ω–∞ –µ–≤—Ä–æ–ø—Å–∫–∏—Ç–µ –∏–Ω—Ç–µ–≥—Ä–∞—Ü–∏–∏. –ì–ª–∞—Å–æ—Ç –∑–∞ –°–î–°–ú –∏ –ö–æ–∞–ª–∏—Ü–∏—ò–∞—Ç–∞ –∑–∞ –µ–≤—Ä–æ–ø—Å–∫–∞ –∏–¥–Ω–∏–Ω–∞ –∏ –∑–∞ –°—Ç–µ–≤–æ –ü–µ–Ω–¥–∞—Ä–æ–≤—Å–∫–∏ –µ –≥–ª–∞—Å –∑–∞ –µ–≤—Ä–æ–ø—Å–∫–∞—Ç–∞ –∏–¥–Ω–∏–Ω–∞ –Ω–∞ –¥—Ä–∂–∞–≤–∞—Ç–∞.  

–ù–µ–º–∞ –æ—Ç–∫–∞–∂—É–≤–∞—ö–µ –æ–¥ –µ–≤—Ä–æ–ø—Å–∫–∞—Ç–∞ –∏–¥–Ω–∏–Ω–∞! üá≤üá∞üá™üá∫"
456735526881991,"–î–æ–±–∏–≤–∞–º–µ –≥–æ–ª–µ–º–∞ –ø–æ–¥–¥—Ä—à–∫–∞ –æ–¥ –Ω–∞—à–∏—Ç–µ —Å—Ç—Ä–∞—Ç–µ—à–∫–∏ –ø–∞—Ä—Ç–Ω–µ—Ä–∏ –∏ –ø—Ä–∏—ò–∞—Ç–µ–ª–∏ –Ω–∞ –Ω–∞—à–∏–æ—Ç –ø–∞—Ç –∫–æ–Ω –ø–æ–ª–Ω–æ–ø—Ä–∞–≤–Ω–æ—Ç–æ —á–ª–µ–Ω—Å—Ç–≤–æ –≤–æ –ï–£.  

–°–∞–º–æ –°–î–°–ú –∏ –ö–æ–∞–ª–∏—Ü–∏—ò–∞—Ç–∞ –∑–∞ –µ–≤—Ä–æ–ø—Å–∫–∞ –∏–¥–Ω–∏–Ω–∞, –∑–∞–µ–¥–Ω–æ —Å–æ –ø—Ä–µ—Ç—Å–µ–¥–∞—Ç–µ–ª–æ—Ç –°—Ç–µ–≤–æ –ü–µ–Ω–¥–∞—Ä–æ–≤—Å–∫–∏ –∏–º–∞–∞—Ç –ª–∏–¥–µ—Ä—Å–∫–∏ –∞–º–±–∏—Ü–∏–∏ –∏ –∑–Ω–∞–µ—ö–µ –¥–∞ —ò–∞ –≤–æ–¥–∞—Ç –¥—Ä–∂–∞–≤–∞—Ç–∞ –ø–æ –µ–≤—Ä–æ–ø—Å–∫–∏–æ—Ç –ø–∞—Ç.  

–°–æ —ò–∞—Å–Ω–∞ –∏ –Ω–µ–¥–≤–æ—Å–º–∏—Å–ª–µ–Ω–∞ –ø–æ–¥–¥—Ä—à–∫–∞ —Å–∏–≥—É—Ä–Ω–æ —á–µ–∫–æ—Ä–∏–º–µ –ø–æ –ø–∞—Ç–æ—Ç –Ω–∞ –µ–≤—Ä–æ–ø—Å–∫–∏—Ç–µ –∏–Ω—Ç–µ–≥—Ä–∞—Ü–∏–∏. –ì–ª–∞—Å–æ—Ç –∑–∞ –°–î–°–ú –∏ –ö–æ–∞–ª–∏—Ü–∏—ò–∞—Ç–∞ –∑–∞ –µ–≤—Ä–æ–ø—Å–∫–∞ –∏–¥–Ω–∏–Ω–∞ –∏ –∑–∞ –°—Ç–µ–≤–æ –ü–µ–Ω–¥–∞—Ä–æ–≤—Å–∫–∏ –µ –≥–ª–∞—Å –∑–∞ –µ–≤—Ä–æ–ø—Å–∫–∞—Ç–∞ –∏–¥–Ω–∏–Ω–∞ –Ω–∞ –¥—Ä–∂–∞–≤–∞—Ç–∞.  

–ù–µ–º–∞ –æ—Ç–∫–∞–∂—É–≤–∞—ö–µ –æ–¥ –µ–≤—Ä–æ–ø—Å–∫–∞—Ç–∞ –∏–¥–Ω–∏–Ω–∞! üá≤üá∞üá™üá∫"
788562043220491,"–ù–µ–º–∞–º–µ —Ä–µ–∑–µ—Ä–≤–Ω–∞ —Ç–∞—Ç–∫–æ–≤–∏–Ω–∞, –ú–∞–∫–µ–¥–æ–Ω–∏—ò–∞ –º–æ—Ä–∞ –¥–∞ —Å—Ç–∞–Ω–µ –µ–≤—Ä–æ–ø—Å–∫–∞ –¥—Ä–∂–∞–≤–∞.

–ú–∞–∫–µ–¥–æ–Ω–∏—ò–∞ –∏–º–∞ –º–Ω–æ–≥—É –∑–Ω–∞–µ—ö–µ, –ú–∞–∫–µ–¥–æ–Ω–∏—ò–∞ –∏–º–∞ –º–Ω–æ–≥—É –≥–æ–ª–µ–º–∞ —Å–∏–ª–∞ –∏ –µ–Ω–µ—Ä–≥–∏—ò–∞ –¥–æ–º–∞! –ó–∞ —Ç–∞–∞ —Ü–µ–ª, —ò–∞ –∫—Ä–µ–∏—Ä–∞–≤–º–µ –ø—Ä–æ–≥—Ä–∞–º–∞—Ç–∞ –∑–∞ –µ–≤—Ä–æ–ø—Å–∫–∞ –∏–¥–Ω–∏–Ω–∞. –ü—Ä–µ—Ü–∏–∑–Ω–∞, —ò–∞—Å–Ω–∞, —Ä–µ–∞–ª–Ω–∞, –æ—Å—Ç–≤–∞—Ä–ª–∏–≤–∞, –∫—Ä–µ–∏—Ä–∞–Ω–∞ –¥–∞ —ò–∞ –∫—Ä–µ–Ω–µ —Ç–∞–∞ –µ–Ω–µ—Ä–≥–∏—ò–∞ –∏ –º–∞–∫–µ–¥–æ–Ω—Å–∫–æ –∑–Ω–∞–µ—ö–µ.

–ù–µ–º–∞ –æ—Ç–∫–∞–∂—É–≤–∞—ö–µ –æ–¥ –∏–¥–Ω–∏–Ω–∞—Ç–∞!"
1868951333621553,"–ù–∞ –ø—Ä–µ—Ç—Å—Ç–æ—ò–Ω–∏—Ç–µ –∏–∑–±–æ—Ä–∏, –∏–∑–±–æ—Ä–æ—Ç –µ –ø–æ–º–µ—ì—É –Ω–∞–¥–µ–∂ –∏ –±–µ–∑–Ω–∞–¥–µ–∂–Ω–æ—Å—Ç! –ü–æ–º–µ—ì—É –µ–≤—Ä–æ–ø—Å–∫–∞—Ç–∞ –∏–¥–Ω–∏–Ω–∞ –∏ –∑–∞–≥–ª–∞–≤—É–≤–∞—ö–µ –≤–æ –º–∏–Ω–∞—Ç–æ—Ç–æ —Å–æ –í–ú–†–û –î–ü–ú–ù–ï.

–°–∞–∫–∞–º–µ —Å–µ–∫–æ—ò –∂–∏—Ç–µ–ª –Ω–∞ –ú–∞–∫–µ–¥–æ–Ω–∏—ò–∞ –¥–∞ –æ—Å—Ç–∞–Ω–µ –∏ –¥–∞ —ò–∞ –≥—Ä–∞–¥–∏ —Å–≤–æ—ò–∞—Ç–∞ –∏–¥–Ω–∏–Ω–∞ —Ç—É–∫–∞, –≤–æ –Ω–∞—à–∞—Ç–∞ –¥—Ä–∂–∞–≤–∞.

–ó–∞—Ç–æ–∞ –í–µ –ø–æ–≤–∏–∫—É–≤–∞–ºe, –¥–∞ –Ω–µ —Å–µ –æ—Ç–∫–∞–∂—É–≤–∞–º–µ –æ–¥ –∏–¥–Ω–∏–Ω–∞—Ç–∞ –∏ –∑–∞–µ–¥–Ω–æ –¥–∞ —Å–µ –∏–∑–±–æ—Ä–∏–º–µ –∑–∞ –ø–æ–¥–æ–±—Ä–∞ –∏–¥–Ω–∏–Ω–∞ –∑–∞ —Å–∏—Ç–µ.

–ù–∞ –∏–∑–±–æ—Ä–∏—Ç–µ –Ω–∞ 24 –∞–ø—Ä–∏–ª, –∏ 8 –º–∞—ò –¥–∞ –≥–æ –∑–∞–æ–∫—Ä—É–∂–∏–º–µ –±—Ä–æ—ò–æ—Ç 1, –¥–∞ –≥–ª–∞—Å–∞–º–µ –∑–∞ –Ω–∞—à–∏–æ—Ç –ø—Ä–µ—Ç—Å–µ–¥–∞—Ç–µ–ª –°—Ç–µ–≤–æ –ü–µ–Ω–¥–∞—Ä–æ–≤—Å–∫–∏, –∑–∞ –°–î–°–ú –∏ –ö–æ–ª–∞–∏—Ü–∏—ò–∞—Ç–∞ –∑–∞ –µ–≤—Ä–æ–ø—Å–∫–∞ –∏–¥–Ω–∏–Ω–∞."
441160645064798,"–í–æ –Ω–∞—Ä–µ–¥–Ω–∏—Ç–µ —á–µ—Ç–∏—Ä–∏ –≥–æ–¥–∏–Ω–∏ –ø—Ä–æ—Å–µ—á–Ω–∞—Ç–∞ –ø–ª–∞—Ç–∞ —ú–µ –¥–æ—Å—Ç–∏–≥–Ω–µ —Ä–µ–∫–æ—Ä–¥–Ω–∏ 1.100 –µ–≤—Ä–∞, –∞ –º–∏–Ω–∏–º–∞–ª–Ω–∞—Ç–∞ –ø–ª–∞—Ç–∞ —ú–µ –∏–∑–Ω–µ—Å—É–≤–∞ 600 –µ–≤—Ä–∞.

–í–æ 2028 –≥–æ–¥–∏–Ω–∞ –º–∏–Ω–∏–º–∞–ª–Ω–∞—Ç–∞ –ø–µ–Ω–∑–∏—ò–∞ —ú–µ –±–∏–¥–µ 20.000 –¥–µ–Ω–∞—Ä–∏, –∞ –ø—Ä–æ—Å–µ—á–Ω–∞—Ç–∞ –ø–µ–Ω–∑–∏—ò–∞ 30.000 –¥–µ–Ω–∞—Ä–∏.

–ü—Ä–æ–¥–æ–ª–∂—É–≤–∞–º–µ –∏ —Å–æ –ø–æ–¥–¥—Ä—à–∫–∞—Ç–∞ –∑–∞ –º–ª–∞–¥–∏—Ç–µ! –ü—Ä–µ–¥–≤–∏–¥–æ–≤–º–µ 200 –µ–≤—Ä–∞ –º–µ—Å–µ—á–Ω–æ –≤–æ –ø—Ä–≤–∏—Ç–µ 12 –º–µ—Å–µ—Ü–∏ –∑–∞ —Å–µ–∫–æ–µ –ø—Ä–≤–æ –≤—Ä–∞–±–æ—Ç—É–≤–∞—ö–µ –Ω–∞ –ª–∏—Ü–∞ –¥–æ 26 –≥–æ–¥–∏–Ω–∏.

–°–∏–ª–Ω–∞ –ø–æ–¥–¥—Ä—à–∫–∞ –∑–∞ –¥–æ–º–∞—à–Ω–∞—Ç–∞ –µ–∫–æ–Ω–æ–º–∏—ò–∞ ‚Äì 180 –º–∏–ª–∏–æ–Ω–∏ –µ–≤—Ä–∞ –¥–∏—Ä–µ–∫—Ç–Ω–∞ –ø–æ–¥–¥—Ä—à–∫–∞ –∑–∞ –¥–æ–º–∞—à–Ω–∏—Ç–µ –∫–æ–º–ø–∞–Ω–∏–∏ + 3,5 –º–∏–ª–∏—ò–∞—Ä–¥–∏ –µ–≤—Ä–∞ –∫–∞–ø–∏—Ç–∞–ª–Ω–∏ –∏–Ω–≤–µ—Å—Ç–∏—Ü–∏–∏.

–ù–∞ –ø—Ä–µ—Ç—Å—Ç–æ—ò–Ω–∏—Ç–µ –∏–∑–±–æ—Ä–∏, –∏–∑–±–æ—Ä–æ—Ç –µ –ø–æ–º–µ—ì—É –Ω–∞–¥–µ–∂ –∏ –±–µ–∑–Ω–∞–¥–µ–∂–Ω–æ—Å—Ç! –ü–æ–º–µ—ì—É –µ–≤—Ä–æ–ø—Å–∫–∞—Ç–∞ –∏–¥–Ω–∏–Ω–∞ –∏ –∑–∞–≥–ª–∞–≤—É–≤–∞—ö–µ –≤–æ –º–∏–Ω–∞—Ç–æ—Ç–æ —Å–æ –í–ú–†–û –î–ü–ú–ù–ï.

–°–∞–∫–∞–º–µ —Å–µ–∫–æ—ò –∂–∏—Ç–µ–ª –Ω–∞ –ú–∞–∫–µ–¥–æ–Ω–∏—ò–∞ –¥–∞ –æ—Å—Ç–∞–Ω–µ –∏ –¥–∞ —ò–∞ –≥—Ä–∞–¥–∏ —Å–≤–æ—ò–∞—Ç–∞ –∏–¥–Ω–∏–Ω–∞ —Ç—É–∫–∞, –≤–æ –Ω–∞—à–∞—Ç–∞ –¥—Ä–∂–∞–≤–∞.

–ó–∞—Ç–æ–∞ –í–µ –ø–æ–≤–∏–∫—É–≤–∞–ºe, –¥–∞ –Ω–µ —Å–µ –æ—Ç–∫–∞–∂—É–≤–∞–º–µ –æ–¥ –∏–¥–Ω–∏–Ω–∞—Ç–∞ –∏ –∑–∞–µ–¥–Ω–æ –¥–∞ —Å–µ –∏–∑–±–æ—Ä–∏–º–µ –∑–∞ –ø–æ–¥–æ–±—Ä–∞ –∏–¥–Ω–∏–Ω–∞ –∑–∞ —Å–∏—Ç–µ.

–ù–∞ –∏–∑–±–æ—Ä–∏—Ç–µ –Ω–∞ 24 –∞–ø—Ä–∏–ª, –∏ 8 –º–∞—ò –¥–∞ –≥–æ –∑–∞–æ–∫—Ä—É–∂–∏–º–µ –±—Ä–æ—ò–æ—Ç 1, –¥–∞ –≥–ª–∞—Å–∞–º–µ –∑–∞ –Ω–∞—à–∏–æ—Ç –ø—Ä–µ—Ç—Å–µ–¥–∞—Ç–µ–ª –°—Ç–µ–≤–æ –ü–µ–Ω–¥–∞—Ä–æ–≤—Å–∫–∏, –∑–∞ –°–î–°–ú –∏ –ö–æ–ª–∞–∏—Ü–∏—ò–∞—Ç–∞ –∑–∞ –µ–≤—Ä–æ–ø—Å–∫–∞ –∏–¥–Ω–∏–Ω–∞."
2103884769993693,"–ü–æ—á–∏—Ç—É–≤–∞–Ω–∏ –≥—Ä–∞—ì–∞–Ω–∏, –≤–µ –ø–æ–∫–∞–Ω—É–≤–∞–º–µ –Ω–∞ –≥–æ–ª–µ–º —Å–µ–Ω–∞—Ä–æ–¥–µ–Ω –º–∏—Ç–∏–Ω–≥ –≤–æ –Ω–µ–¥–µ–ª–∞, 21 –∞–ø—Ä–∏–ª –ø—Ä–µ–¥ –∑–≥—Ä–∞–¥–∞—Ç–∞ –Ω–∞ –ï–£ –≤–æ –°–∫–æ–ø—ò–µ. 

–ú–µ—Å—Ç–æ –Ω–∞ —Ç—Ä–≥–Ω—É–≤–∞—ö–µ –∑–∞ –ê–µ—Ä–æ–¥—Ä–æ–º –µ –ù–æ–≤–∞ –∂–µ–ª–µ–∑–Ω–∏—á–∫–∞ —Å—Ç–∞–Ω–∏—Ü–∞, –¥–æ –∑–≥—Ä–∞–¥–∞—Ç–∞ –Ω–∞ –ù–µ–æ–∫–æ–º, –≤–æ 12:00 —á–∞—Å–æ—Ç. 

–ó–∞–µ–¥–Ω–æ —Å–æ –°–î–°–ú, –ö–æ–∞–ª–∏—Ü–∏—ò–∞—Ç–∞ –∑–∞ –µ–≤—Ä–æ–ø—Å–∫–∞ –∏–¥–Ω–∏–Ω–∞ –∏ –Ω–∞—à–∏–æ—Ç –ø—Ä–µ—Ç—Å–µ–¥–∞—Ç–µ–ª –°—Ç–µ–≤–æ –ü–µ–Ω–¥–∞—Ä–æ–≤—Å–∫–∏ –¥–∞ –ø–æ–∫–∞–∂–µ–º–µ –¥–µ–∫–∞ —Å–∏—Ç–µ –∑–∞–µ–¥–Ω–æ —Å–º–µ —Å–ø–ª–æ—Ç–µ–Ω–∏ –≤–æ –Ω–∞—à–∞—Ç–∞ –∑–∞–µ–¥–Ω–∏—á–∫–∞ —Ü–µ–ª, –µ–≤—Ä–æ–ø—Å–∫–∞—Ç–∞ –∏–¥–Ω–∏–Ω–∞ –Ω–∞ –Ω–∞—à–∞—Ç–∞ –¥—Ä–∂–∞–≤–∞.

–ù–µ–º–∞ –æ—Ç–∫–∞–∂—É–≤–∞—ö–µ –æ–¥ –∏–¥–Ω–∏–Ω–∞—Ç–∞! üá≤üá∞üá™üá∫"
1131480398052261,"–ù–∞ 25.03.2024 –≥–æ–¥–∏–Ω–∞ –µ –ø–æ—Ç–ø–∏—à–∞–Ω –¥–æ–≥–æ–≤–æ—Ä–æ—Ç –∑–∞ –≤–æ—Å–ø–æ—Å—Ç–∞–≤—É–≤–∞—ö–µ –Ω–∞ —ò–∞–≤–Ω–æ –ø—Ä–∏–≤–∞—Ç–Ω–æ –ø–∞—Ä—Ç–Ω–µ—Ä—Å—Ç–≤–æ (–à–ü–ü) –∑–∞ –ø—Ä–æ–µ–∫—Ç–æ—Ç –°–º–∞—Ä—Ç –ê–µ—Ä–æ–¥—Ä–æ–º –≤—Ä–µ–¥–µ–Ω 10,7 –º–∏–ª–∏–æ–Ω–∏ –µ–≤—Ä–∞. 

–î–æ–≥–æ–≤–æ—Ä–æ—Ç –µ –≤–æ —Ü–µ–ª–æ—Å–Ω–∞ —Å–æ–≥–ª–∞—Å–Ω–æ—Å—Ç —Å–æ —Ç–æ—á–∫–∞—Ç–∞ —É—Å–≤–æ–µ–Ω–∞ –æ–¥ —Å—Ç—Ä–∞–Ω–∞ –Ω–∞ –í–ú–†–û-–î–ü–ú–ù–ï –≤–æ –°–æ–≤–µ—Ç–æ—Ç –Ω–∞ –û–ø—à—Ç–∏–Ω–∞ –ê–µ—Ä–æ–¥—Ä–æ–º, –Ω–∞ 39 —Å–µ–¥–Ω–∏—Ü–∞, –æ–¥—Ä–∂–∞–Ω–∞ –≤–æ —Ñ–µ–≤—Ä—É–∞—Ä–∏, —Å–æ –º–∞—Ç–µ—Ä–∏—ò–∞–ª –¥–æ—Å—Ç–∞–≤–µ–Ω –¥–æ —Å–æ–≤–µ—Ç–Ω–∏—Ü–∏—Ç–µ —Ü–µ–ª–∏ 13 –º–∏–Ω—É—Ç–∏ –ø—Ä–µ–¥ –ø–æ—á–µ—Ç–æ–∫–æ—Ç –Ω–∞ —Å–µ–¥–Ω–∏—Ü–∞—Ç–∞. 

–°–µ –ø–æ—Å—Ç–∞–≤—É–≤–∞ –ø—Ä–∞—à–∞—ö–µ—Ç–æ –∫–æ—ò–∞ –±–µ—à–µ –ø–æ—Ç—Ä–µ–±–∞—Ç–∞ –à–ü–ü –≤—Ä–µ–¥–Ω–æ 10,7 –º–∏–ª–∏–æ–Ω–∏ –µ–≤—Ä–∞ –¥–∞ —Å–µ –≥–ª–∞—Å–∞ –Ω–∞ –≤–∞–∫–æ–≤ —à–≤–µ—Ä—Ü–µ—Ä—Å–∫–∏ –Ω–∞—á–∏–Ω —Å–æ –º–∞—Ç–µ—Ä–∏—ò–∞–ª –¥–æ—Å—Ç–≤–µ–Ω —Ü–µ–ª–∏ 13 –º–∏–Ω—É—Ç–∏ –ø—Ä–µ–¥ —Å–µ–¥–Ω–∏—Ü–∞?

–ù–∞ 07.10.2021 –≥–æ–¥–∏–Ω–∞, –≤–æ –µ–∫ –Ω–∞ –∏–∑–±–æ—Ä–Ω–∞—Ç–∞ –∫–∞–º–ø–∞—ö–∞ –Ω–∞ –ø–æ—Å–ª–µ–¥–Ω–∏—Ç–µ –ª–æ–∫–∞–ª–Ω–∏ –∏–∑–±–æ—Ä–∏ –¢–∏–º—á–æ –ú—É—Ü—É–Ω—Å–∫–∏ –Ω–∞ —Å–≤–æ—ò–∞—Ç–∞ –§–µ—ò—Å–±—É–∫ —Å—Ç—Ä–∞–Ω–∏—Ü–∞ —ú–µ –æ–±—ò–∞–≤–∏ ‚Äû–í—Ä–µ–º–µ –µ –∑–∞ –¥–∏–≥–∏—Ç–∞–ª–∏–∑–∞—Ü–∏—ò–∞ –Ω–∞ —Å–∏—Ç–µ –æ–ø—à—Ç–∏–Ω—Å–∫–∏ –∞–¥–º–∏–Ω–∏—Å—Ç—Ä–∞—Ç–∏–≤–Ω–∏ —É—Å–ª—É–≥–∏.‚Äú –ö–∞–¥–µ –µ –¥–∏–≥–∏—Ç–∞–ª–∏–∑–∞—Ü–∏—ò–∞—Ç–∞ –Ω–∞ –æ–ø—à—Ç–∏–Ω—Å–∫–∏—Ç–µ —É—Å–ª—É–≥–∏ –≤–æ –¥–æ–≥–æ–≤–æ—Ä–æ—Ç?

–í–æ –∏—Å—Ç–∞—Ç–∞ –æ–±—ò–∞–≤–∞ –ú—É—Ü—É–Ω—Å–∫–∏ –≤–µ–ª–∏ ‚Äû–°–º–∞—Ä—Ç –ê–µ—Ä–æ–¥—Ä–æ–º –µ –ø—Ä–æ–µ–∫—Ç –∫–æ—ò –∑–Ω–∞—á–∏—Ç–µ–ª–Ω–æ —ú–µ —ò–∞ –ø–æ–¥–æ–±—Ä–∏ –µ—Ñ–∏–∫–∞—Å–Ω–æ—Å—Ç–∞ –Ω–∞ –æ–ø—à—Ç–∏–Ω—Å–∫–∏—Ç–µ —Å–ª—É–∂–±–∏... –û–≤–∞ —Ä–µ—à–µ–Ω–∏–µ —ú–µ –ø–æ—Ç—Ç–∏–∫–Ω–µ –∏–Ω–æ–≤–∞—Ü–∏—ò–∞, —Å—Ç–∞—Ä—Ç–∞–ø –±–∏–∑–Ω–∏—Å–∏ –∏ —Ä–µ—à–µ–Ω–∏—ò–∞ –æ–¥ 21. –≤–µ–∫.‚Äú –ö–∞–∫–æ —ú–µ –≥–∏ –ø–æ—Ç—Ç–∏–∫–Ω–µ –∏–Ω–æ–≤–∞—Ü–∏—ò–∞—Ç–∞ –∏ —Å—Ç–∞—Ä—Ç–∞–ø –±–∏–∑–Ω–∏—Å–∏—Ç–µ? –ö–∞–¥–µ —Ç–æ–∞ –≥–æ –≥–ª–µ–¥–∞—Ç–µ –≤–æ –¥–æ–≥–æ–≤–æ—Ä–æ—Ç?

–î–∞–ª–∏ –ø–æ—Å—Ç–æ–∏ —Ñ–∏–∑–∏–±–∏–ª–∏—Ç–∏ —Å—Ç—É–¥–∏—ò–∞ –∑–∞ –æ–ø—Ä–∞–≤–¥–∞–Ω–æ—Å—Ç–∞ –Ω–∞ –≤–æ—Å–ø–æ—Å—Ç–∞–≤—É–≤–∞—ö–µ –Ω–∞ –≤–∞–∫–≤–æ —ò–∞–≤–Ω–æ –ø—Ä–∏–≤–∞—Ç–Ω–æ –ø–∞—Ä—Ç–Ω–µ—Ä—Å—Ç–≤–æ? –ê–∫–æ –ø–æ—Å—Ç–æ–∏ –∑–æ—à—Ç–æ –Ω–µ –µ –ø—Ä–µ–∑–µ–Ω—Ç–∏—Ä–∞–Ω–∞ –ø—Ä–µ–¥ –°–æ–≤–µ—Ç–æ—Ç?, –ø—Ä–∞—à–∞ –∫–æ–æ—Ä–¥–∏–Ω–∞—Ç–æ—Ä–æ—Ç –Ω–∞ —Å–æ–≤–µ—Ç–Ω–∏—á–∫–∞—Ç–∞ –≥—Ä—É–ø–∞ –Ω–∞ –°–î–°–ú –≤–æ –°–æ–≤–µ—Ç–æ—Ç –Ω–∞ –û–ø—à—Ç–∏–Ω–∞ –ê–µ—Ä–æ–¥—Ä–æ–º, –ú–∏–ª—É—Ç–∏–Ω –†–∏—Å—Ç–µ—Å–∫–∏."
681075687418692,"–ú–∏–Ω–∞—Ç–∞—Ç–∞ –Ω–µ–¥–µ–ª–∞ –Ω–∞—à–∏—Ç–µ —Å–æ–≥—Ä–∞—ì–∞–Ω–∏ –≤–æ —Ä–æ–∫ –æ–¥ —Å–∞–º–æ –Ω–µ–∫–æ–ª–∫—É –¥–µ–Ω–∞ –±–µ–∞ —Å–≤–µ–¥–æ—Ü–∏ –Ω–∞ –ø–æ—ò–∞–≤–∞ –Ω–∞ –∑–º–∏–∏ –≤–æ —É—Ä–±–∞–Ω–∏ —Å—Ä–µ–¥–∏–Ω–∏. –°–µ —Ä–∞–±–æ—Ç–∏ –∑–∞ –ø—Ä–∏–ª–∏—á–Ω–æ –≥–æ–ª–µ–º–∏ –ø—Ä–∏–º–µ—Ä–æ—Ü–∏, –µ–¥–Ω–∏–æ—Ç –≤–æ –±–ª–∏–∑–∏–Ω–∞ –Ω–∞ –∫—Ä—É–∂–Ω–∏–æ—Ç —Ç–µ–∫ –Ω–∞ —É–ª–∏—Ü–∞ ‚Äû–ö–æ—Å—Ç–∞ –ù–æ–≤–∞–∫–æ–≤–∏—ú‚Äú, –∫–∞—ò –º–∞—Ä–∫–µ—Ç–æ—Ç –Ω–∞ ‚Äû–°—Ç–æ–∫–æ–º–∞–∫‚Äú, –∞ –¥—Ä—É–≥–∏–æ—Ç –ø–æ–¥ —Ç—Ä–∏–±–∏–Ω–∏—Ç–µ –Ω–∞ –∏–≥—Ä–∞–ª–∏—à—Ç–µ—Ç–æ –Ω–∞ –§–§–ú. 

–ñ–∏—Ç–µ–ª–∏—Ç–µ –Ω–∞ —É—Ä–±–∞–Ω–∏–æ—Ç –¥–µ–ª –æ–¥ –ê–µ—Ä–æ–¥—Ä–æ–º —Å–æ –ø—Ä–∞–≤–æ —Å–µ –∑–∞–≥—Ä–∏–∂–µ–Ω–∏ –±–∏–¥–µ—ò—ú–∏ –ø–æ—ò–∞–≤–∞—Ç–∞ –Ω–∞ –≤–∞–∫–≤–∏ –≥–æ–ª–µ–º–∏ –ø—Ä–∏–º–µ—Ä–æ—Ü–∏ –Ω–∞ –∑–º–∏–∏ –≤–æ —É—Ä–±–∞–Ω–∏—Ç–µ —Å—Ä–µ–¥–∏–Ω–∏ –ø—Ä–µ—Ç—Å—Ç–∞–≤—É–≤–∞ –æ–ø–∞—Å–Ω–æ—Å—Ç –ø–æ –Ω–∞—à–∏—Ç–µ –¥–µ—Ü–∞ –∫–æ–∏ –º–æ–∂–∞—Ç –¥–∞ –¥–æ—ò–¥–∞—Ç –≤–æ –∫–æ–Ω—Ç–∞–∫—Ç —Å–æ –Ω–∏–≤ –¥–æ–¥–µ–∫–∞ —Å–∏ –∏–≥—Ä–∞–∞—Ç –æ–∫–æ–ª—É –∑–≥—Ä–∞–¥–∏—Ç–µ –∏–ª–∏ –Ω–∞ –¥–µ—Ç—Å–∫–∏—Ç–µ –∏–≥—Ä–∞–ª–∏—à—Ç–∞.

–û—Ç—Ç—É–∫–∞ —Å–µ –ø–æ—Å—Ç–∞–≤—É–≤–∞ –ø—Ä–∞—à–∞—ö–µ—Ç–æ –∫–∞–∫–æ –æ–¥–∏ –¥–∏–Ω–∞–º–∏–∫–∞—Ç–∞ –Ω–∞ –∫–æ—Å–µ—ö–µ—Ç–æ –Ω–∞ —Ç—Ä–µ–≤–Ω–∏—Ç–µ –ø–æ–≤—Ä—à–∏–Ω–∏ –≤–æ –ê–µ—Ä–æ–¥—Ä–æ–º, –∫–æ–ª–∫—É –ª–æ–∫–∞—Ü–∏–∏ –Ω–∞ —Ç—Ä–µ–≤–Ω–∏ –ø–æ–≤—Ä—à–∏–Ω–∏ —Å–µ –∏—Å–∫–æ—Å–µ–Ω–∏ –¥–æ —Å–µ–≥–∞ –∏ –¥–∞–ª–∏ —ú–µ —Å–µ —Å—Ç–∏–≥–Ω–µ –¥–∞ –±–∏–¥–∞—Ç –±–ª–∞–≥–æ–≤—Ä–º–µ–Ω–æ –∏—Å–∫–æ—Å–µ–Ω–∏ —Å–∏—Ç–µ —Ç—Ä–µ–≤–Ω–∏ –ø–æ–≤—Ä—à–∏–Ω–∏ –Ω–∞ —Ç–µ—Ä–∏—Ç–æ—Ä–∏—ò–∞—Ç–∞ –Ω–∞ –æ–ø—à—Ç–∏–Ω–∞ –ê–µ—Ä–æ–¥—Ä–æ–º?, –ø—Ä–∞—à–∞ —á–ª–µ–Ω–∫–∞—Ç–∞ –Ω–∞ –°–æ–≤–µ—Ç–æ—Ç –Ω–∞ –û–ø—à—Ç–∏–Ω–∞ –ê–µ—Ä–æ–¥—Ä–æ–º, –°—É–∑–∞–Ω–∞ –î–µ–ª–µ–≤–∞."
328812040216862,"–ù–∞ –ø—Ä–∞—à–∞—ö–∞—Ç–∞ –Ω–∞ —Å–æ–≤–µ—Ç–Ω–∏—á–∫–∞—Ç–∞ –≥—Ä—É–ø–∞ –Ω–∞ –°–î–°–ú –≤–æ –æ–¥–Ω–æ—Å –Ω–∞ –¥–æ–ª–≥–æ–≤–∏—Ç–µ –Ω–∞ –∫–æ—à–∞—Ä–∫–∞—Ä—Å–∫–∏–æ—Ç –∫–ª—É–± #–ú–ó–¢ –ø–æ –æ–¥–Ω–æ—Å –Ω–∞ –ø–ª–∞—Ç–∏, –±–µ—à–µ –æ–¥–≥–æ–≤–æ—Ä–µ–Ω–æ –¥–µ–∫–∞ –ø–ª–∞—Ç–∏—Ç–µ –Ω–∞ —Å–∏—Ç–µ 5 –≤—Ä–∞–±–æ—Ç–µ–Ω–∏ —Å–µ –∏—Å–ø–ª–∞—ú–∞–∞—Ç —Ä–µ–¥–æ–≤–Ω–æ. –í–æ –æ–¥–≥–æ–≤–æ—Ä–æ—Ç –æ—á–∏–≥–ª–µ–¥–Ω–æ –µ –∏—Å–∫–æ—Ä–∏—Å—Ç–µ–Ω–∞ –∏–≥—Ä–∞ –Ω–∞ –∑–±–æ—Ä–æ–≤–∏ —Å–æ –∫–æ—ò–∞ —Å–µ –∏–∑–æ—Å—Ç–∞–≤—É–≤–∞–∞—Ç –¥–æ–ª–≥–æ–≤–∏—Ç–µ –∫–æ–Ω –∏–≥—Ä–∞—á–∏—Ç–µ, —Ç—Ä–µ–Ω–µ—Ä–∏—Ç–µ, —Å—Ç—Ä—É—á–Ω–∏–æ—Ç —à—Ç–∞–± –∏ —Å–∏—Ç–µ –æ—Å—Ç–∞–Ω–∞—Ç–∏ –∫–æ–∏ —Å–µ –∞–Ω–≥–∞–∂–∏—Ä–∞–Ω–∏ –ø–æ –¥–æ–≥–æ–≤–æ—Ä, –∞ –æ–¥–≥–æ–≤–æ—Ä–æ—Ç —Å–µ –æ–¥–Ω–µ—Å—É–≤–∞ –∏—Å–∫–ª—É—á–∏–≤–æ –Ω–∞ –≤—Ä–∞–±–æ—Ç–µ–Ω–∏—Ç–µ —Å–ª—É–∂–±–µ–Ω–∏—Ü–∏ –∫–æ–∏ —Å–µ –≤–æ —Ä–µ–¥–æ–≤–µ–Ω —Ä–∞–±–æ—Ç–µ–Ω –æ–¥–Ω–æ—Å. –î–æ–ø–æ–ª–Ω–∏—Ç–µ–ª–Ω–æ –Ω–∏–∫–æ–≥–∞—à –Ω–µ –º–∏ –±–µ—à–µ –æ–¥–≥–æ–≤–æ—Ä–µ–Ω–æ –¥–∞–ª–∏ –ö–ö –ú–ó–¢ —Å–µ —Å–æ–æ—á—É–≤–∞ —Å–æ –¥–æ–ª–≥–æ–≤–∏ –ø–æ –æ–¥–Ω–æ—Å –Ω–∞ —Ç—É–∂–±–∏ –∑–∞ –Ω–µ–∏—Å–ø–ª–∞—Ç–µ–Ω–∏ –ø–ª–∞—Ç–∏ –∫–æ–Ω –∏–≥—Ä–∞—á–∏? 

–ù–æ, ‚Äû–≤–∏—Å—Ç–∏–Ω–∞—Ç–∞ –µ –∫–∞–∫–æ —à–∏–ª–æ‚Äú —à—Ç–æ –±–∏ —Ä–µ–∫–æ–ª –∏–¥–µ–æ–ª–æ—à–∫–∏–æ—Ç –ª–∏–¥–µ—Ä –Ω–∞ –î–ü–ú–ù–ï, –ì—Ä—É–µ–≤—Å–∫–∏ –∏ —Ç–∞–∞ —Å–µ–∫–æ–≥–∞—à –∏–∑–ª–µ–≥—É–≤–∞ –Ω–∞ –≤–∏–¥–µ–ª–∏–Ω–∞. –ö–æ–Ω–µ—á–Ω–æ —Å—Ç–∏–≥–Ω–∞ –∏ –ø—Ä–≤–∞—Ç–∞ –±–ª–æ–∫–∞–¥–∞ –æ–¥ –ë–ê–¢, —Å—É–¥–æ—Ç –æ–¥ –§–ò–ë–ê, –∫–∞–¥–µ —à—Ç–æ –µ –Ω–∞–≤–µ–¥–µ–Ω–æ –¥–µ–∫–∞ ‚Äû–∫–∞–∑–Ω–∞—Ç–∞ –Ω–∞ –§–ò–ë–ê —Å–µ –æ–¥–Ω–µ—Å—É–≤–∞ –Ω–∞ –∑–∞–±—Ä–∞–Ω–∞ –∑–∞ —Ç—Ä–∞–Ω—Å—Ñ–µ—Ä–∏ —Å–µ –¥–æ–¥–µ–∫–∞ –Ω–µ –±–∏–¥–µ –ø–æ—Å—Ç–∏–≥–Ω–∞—Ç –¥–æ–≥–æ–≤–æ—Ä –ø–æ –æ–¥–Ω–æ—Å –Ω–∞ —Å—Ä–µ–¥—Å—Ç–≤–∞—Ç–∞ —à—Ç–æ —Å–µ –¥–æ–ª–∂–∞—Ç‚Äú.

–ì—Ä–∞–¥–æ–Ω–∞—á–∞–ª–Ω–∏–∫–æ—Ç –ú—É—Ü—É–Ω—Å–∫–∏ –ø—Ä–µ–¥ –∏–∑–±–æ—Ä–∏—Ç–µ –±–µ—à–µ –ø—Ä–æ–º–æ–≤–∏—Ä–∞–Ω –∏ –ø–æ–ø—É–ª–∞—Ä–µ–Ω –∫–∞–∫–æ –¢–∏–º–∏ ‚Äû–∫–æ—ò –ø–æ —Å–µ–º–µ—ò–Ω–∞ –≤—Ä—Å–∫–∞ –µ –ø–æ–≤—Ä–∑–∞–Ω –∏ –∑–∞–¥–æ–µ–Ω —Å–æ –ú–ó–¢‚Äú. –°–µ–≥–∞ —Å–µ –ø–æ—Å—Ç–∞–≤—É–≤–∞ –ø—Ä–∞—à–∞—ö–µ—Ç–æ —à—Ç–æ –ø—Ä–µ–∑–µ–º–∞ –¢–∏–º–∏ –∑–∞ —Ä–µ—à–∞–≤–∞—ö–µ—Ç–æ –Ω–∞ –æ–≤–æ—ò –ø—Ä–æ–±–ª–µ–º –∏ –∑–æ—à—Ç–æ –Ω–∞ —à–≤–µ—Ä—Ü–µ—Ä—Å–∫–∏ –Ω–∞—á–∏–Ω, –Ω–∞ 29.12.2023 –≥–æ–¥–∏–Ω–∞, –Ω–∞ –ø–æ—Å–ª–µ–¥–Ω–∏–æ—Ç —Ä–∞–±–æ—Ç–µ–Ω –¥–µ–Ω –æ–¥ –≥–æ–¥–∏–Ω–∞—Ç–∞, –º–Ω–æ–∑–∏–Ω—Å—Ç–≤–æ—Ç–æ –Ω–∞ –î–ü–ú–ù–ï –≤–æ –°–æ–≤–µ—Ç–æ—Ç, –ø–æ –ø—Ä–µ–¥–ª–æ–≥ –Ω–∞ –¢–∏–º–∏ —É—Å–≤–æ—ò—É–≤–∞ –∫—Ä–∞—Ç–µ—ö–µ –Ω–∞ –ø—Ä–µ—Ç–∫–æ—Ç–Ω–æ –æ–¥–æ–±—Ä–µ–Ω–∏—Ç–µ 24 –º–∏–ª–∏–æ–Ω–∏ –¥–µ–Ω–∞—Ä–∏ –∑–∞ –ú–ó–¢, –Ω–∞ 19 –º–∏–ª–∏–æ–Ω–∏? 

–ö–∞–∫–æ —É—Å–ø–µ–∞ –Ω–µ–∫–æ—ò —à—Ç–æ —Å–µ —Ñ–∞–ª–µ—à–µ –¥–µ–∫–∞ –ø–æ—Ä–∞—Å–Ω–∞–ª –ø–æ–¥ –∫–æ—à–µ–≤–∏—Ç–µ –Ω–∞ –ú–ó–¢ —Å–µ–≥–∞ –¥–∞ –∫—Ä–∞—Ç–∏ —Å—Ä–µ–¥—Å—Ç–≤–∞ –Ω–∞–º–µ–Ω–µ—Ç–∏ –∑–∞ –∫–ª—É–±–æ—Ç –∏ –Ω–∞ —Ç–æ—ò –Ω–∞—á–∏–Ω –¥–∞ –≥–æ –¥–æ–≤–µ–¥–µ –≤–æ –≤–∞–∫–≤–∞ –Ω–µ–∑–∞–≤–∏–¥–Ω–∞ —Å–æ—Å—Ç–æ—ò–±–∞?, –ø—Ä–∞—à–∞ —á–ª–µ–Ω–æ—Ç –Ω–∞ –°–æ–≤–µ—Ç–æ—Ç –Ω–∞ –û–ø—à—Ç–∏–Ω–∞ –ê–µ—Ä–æ–¥—Ä–æ–º, –â—É–ø—á–æ –ù–µ–¥–µ—Å–∫–∏."
1747310152446379,"–ò–∑–≤–µ—à—Ç–∞—Ç–∏—Ç–µ –Ω–∞ –ø–æ–ª–∏—Ü–∏—Å–∫–∞—Ç–∞ —Å—Ç–∞–Ω–∏—Ü–∞ –ê–µ—Ä–æ–¥—Ä–æ–º –≤–æ –°–æ–≤–µ—Ç–æ—Ç –Ω–∞ –û–ø—à—Ç–∏–Ω–∞ –ê–µ—Ä–æ–¥—Ä–æ–º —Å–µ–∫–æ–≥–∞—à –±–µ–∞ –∏–Ω—Å–ø–∏—Ä–∞—Ü–∏—ò–∞ –∑–∞ –º–Ω–æ–≥—É –ø—Ä–∞—à–∞—ö–∞ –æ–¥ —Å–∏—Ç–µ —Å–æ–≤–µ—Ç–Ω–∏—á–∫–∏ –≥—Ä—É–ø–∏, –±–µ–∑ –∏—Å–∫–ª—É—á–æ–∫. –ù–∞ –≤—á–µ—Ä–∞—à–Ω–∞—Ç–∞ —Å–µ–¥–Ω–∏—Ü–∞ –Ω–∞ –°–æ–≤–µ—Ç–æ—Ç –µ–¥–∏–Ω—Å—Ç–≤–µ–Ω –∫–æ—ò –ø–æ—Å—Ç–∞–≤–∏ –ø—Ä–∞—à–∞—ö–∞ –¥–æ –∫–æ–º–∞–Ω–¥–∏—Ä–æ—Ç –Ω–∞ –ü–°–û–ù –ê–µ—Ä–æ–¥—Ä–æ–º –±–µ–≤ —ò–∞—Å.

–ù–∞ –ø—Ä–≤–æ—Ç–æ –ø—Ä–∞—à–∞—ö–µ –∑–æ—à—Ç–æ –ì–æ–¥–∏—à–Ω–∏–æ—Ç –∏–∑–≤–µ—à—Ç–∞—ò –µ –∑–∞ —Ü–µ–ª–∏ 5 —Å—Ç—Ä–∞–Ω–∏—Ü–∏ –ø–æ–∫—Ä–∞—Ç–æ–∫ –æ–¥ —à–µ—Å—Ç–º–µ—Å–µ—á–Ω–∏–æ—Ç, –∑–æ—à—Ç–æ –Ω–µ–¥–æ—Å—Ç–∞—Å—É–≤–∞–∞—Ç —Ü–µ–ª–∏ –ø–æ–≥–ª–∞–≤—ò–∞ –º–µ—ì—É –∫–æ–∏ –∏ –ø–æ–≥–ª–∞–≤—ò–µ—Ç–æ –∑–∞ –ø–æ—Ç—Ä–µ–±–Ω–∏ –º–∞—Ç–µ—Ä–∏—ò–∞–ª–∏ –Ω–∞ –ø–æ–ª–∏—Ü–∏—Å–∫–∞—Ç–∞ —Å—Ç–∞–Ω–∏—Ü–∞, –±–µ—à–µ –æ–¥–≥–æ–≤–æ—Ä–µ–Ω–æ –¥–µ–∫–∞ –æ–≤–æ—ò –ø–∞—Ç –≤–æ —Ç–∏–µ –ø–æ–≥–ª–∞–≤—ò–∞ –±–∏–ª–µ —Å–º–µ—Å—Ç–µ–Ω–∏ –ø–æ–¥–∞—Ç–æ—Ü–∏ –∫–æ–∏ —Å–µ –æ–¥ –¥–æ–≤–µ—Ä–ª–∏–≤–∞ –ø—Ä–∏—Ä–æ–¥–∞. –û—Å—Ç–∞–Ω–∞ –Ω–µ—ò–∞—Å–Ω–æ –∫–∞–∫–æ –ø–æ–≥–ª–∞–≤—ò–µ—Ç–æ –∑–∞ –ø–æ—Ç—Ä–µ–±–Ω–∏ –º–∞—Ç–µ—Ä–∏—ò–∞–ª–∏ –∑–∞ —Ä–∞–±–æ—Ç–∞ –Ω–∞ –ø–æ–ª–∏—Ü–∏—Å–∫–∞—Ç–∞ —Å—Ç–∞–Ω–∏—Ü–∞ –ø—Ä–µ–¥ —Å–∞–º–æ 6 –º–µ—Å–µ—Ü–∏ –Ω–µ —Å–æ–¥—Ä–∂–µ—à–µ —Ç–∞–∫–≤–∏ –ø–æ–¥–∞—Ç–æ—Ü–∏, –∞ —Å–µ–≥–∞ —Å–æ–¥—Ä–∂–∏? –ò —à—Ç–æ —Å–µ —Å–º–µ–Ω–∏ –≤–æ –ú–í–† –≤–æ –ø–æ–≥–ª–µ–¥ –Ω–∞ —Ç—Ä–∞–Ω—Å–ø–∞—Ä–µ–Ω—Ç–Ω–æ—Å—Ç–∞, –æ—Å–≤–µ–Ω –º–∏–Ω–∏—Å—Ç–µ—Ä–æ—Ç?

–ù–∞ –≤—Ç–æ—Ä–æ—Ç–æ –ø—Ä–∞—à–∞—ö–µ –∑–∞ –∏—Å–∫–æ—Ä–∏—Å—Ç–µ–Ω–æ—Å—Ç–∞ –Ω–∞ —É—Ä–µ–¥–æ—Ç —Ñ–æ–Ω–æ–º–µ—Ç–∞—Ä —Å–æ –∫–æ—ò —Å–µ –º–µ—Ä–∏ –≥–ª–∞—Å–Ω–æ—Å—Ç–∞ –Ω–∞ –±—É—á–∞–≤–∞—Ç–∞ –≤—Ä–∑ –æ—Å–Ω–æ–≤–∞ –Ω–∞ –∫–æ—ò–∞ —Å–µ –∏–∑—Ä–µ–∫—É–≤–∞–∞—Ç –ø—Ä–µ–∫—Ä—à–æ—á–Ω–∏ –ø—Ä–∏—ò–∞–≤–∏ –∑–∞ –≥–ª–∞—Å–Ω–∞ –º—É–∑–∏–∫–∞, –º–∏ –±–µ—à–µ –æ–¥–≥–æ–≤–æ—Ä–µ–Ω–æ –¥–µ–∫–∞ –°–ê–ú–û 2 –ü–†–ò–à–ê–í–ò –∑–∞ –≥–ª–∞—Å–Ω–∞ –º—É–∑–∏–∫–∞ —Å–µ –∏–∑—Ä–µ—á–µ–Ω–∏ –≤–æ —Ç–µ–∫–æ—Ç –Ω–∞ —Ü–µ–ª–∞ 2023 –≥–æ–¥–∏–Ω–∞. –ö–æ–ª–∫—É —Å–µ –∫–æ—Ä–∏—Å—Ç–∏ —Ñ–æ–Ω–æ–º–µ—Ç–∞—Ä–æ—Ç –≤–æ –ê–µ—Ä–æ–¥—Ä–æ–º –ø—Ä–æ—Ü–µ–Ω–µ—Ç–µ —Å–∞–º–∏, –∏–∑—ò–∞–≤–∏ –∫–æ–æ—Ä–¥–∏–Ω–∞—Ç–æ—Ä–æ—Ç –Ω–∞ —Å–æ–≤–µ—Ç–Ω–∏—á–∫–∞—Ç–∞ –≥—Ä—É–ø–∞ –Ω–∞ –°–î–°–ú –≤–æ –°–æ–≤–µ—Ç–æ—Ç –Ω–∞ –û–ø—à—Ç–∏–Ω–∞ –ê–µ—Ä–æ–¥—Ä–æ–º, –ú–∏–ª—É—Ç–∏–Ω –†–∏—Å—Ç–µ—Å–∫–∏."
959186065585942,"–ì–æ–ª–µ–º–∞ –±–ª–∞–≥–æ–¥–∞—Ä–Ω–æ—Å—Ç –¥–æ @[100044372771750:2048:Olaf Scholz] –∑–∞ –Ω–µ–≥–æ–≤–∞—Ç–∞ –≥–æ–ª–µ–º–∞ –ø–æ–¥–¥—Ä—à–∫–∞ —É–ø–∞—Ç–µ–Ω–∞ –∫–æ–Ω –°–î–°–ú, –î–∏–º–∏—Ç–∞—Ä –ö–æ–≤–∞—á–µ–≤—Å–∫–∏ –∏ –Ω–∞—à–∏–æ—Ç –ø—Ä–µ—Ç—Å–µ–¥–∞—Ç–µ–ª –°—Ç–µ–≤–æ –ü–µ–Ω–¥–∞—Ä–æ–≤—Å–∫–∏.

–ù–∞ –ø—Ä–µ—Ç—Å—Ç–æ—ò–Ω–∏—Ç–µ –∏–∑–±–æ—Ä–∏ –≥–ª–∞—Å–æ—Ç –∑–∞ –°–î–°–ú –∏ –ö–æ–∞–ª–∏—Ü–∏—ò–∞—Ç–∞ –∑–∞ –µ–≤—Ä–æ–ø—Å–∫–∞ –∏–¥–Ω–∏–Ω–∞ –∑–Ω–∞—á–∏ –≥–ª–∞—Å –∑–∞ –ø–æ–±–µ–¥–∞ –Ω–∞ –µ–≤—Ä–æ–ø—Å–∫–∞ –ú–∞–∫–µ–¥–æ–Ω–∏—ò–∞. üá≤üá∞üá™üá∫"
368017916234325,"–ì–æ–ª–µ–º–∞ –±–ª–∞–≥–æ–¥–∞—Ä–Ω–æ—Å—Ç –¥–æ @[100044372771750:2048:Olaf Scholz] –∑–∞ –Ω–µ–≥–æ–≤–∞—Ç–∞ –≥–æ–ª–µ–º–∞ –ø–æ–¥–¥—Ä—à–∫–∞ —É–ø–∞—Ç–µ–Ω–∞ –∫–æ–Ω –°–î–°–ú, –î–∏–º–∏—Ç–∞—Ä –ö–æ–≤–∞—á–µ–≤—Å–∫–∏ –∏ –Ω–∞—à–∏–æ—Ç –ø—Ä–µ—Ç—Å–µ–¥–∞—Ç–µ–ª –°—Ç–µ–≤–æ –ü–µ–Ω–¥–∞—Ä–æ–≤—Å–∫–∏.

–ù–∞ –ø—Ä–µ—Ç—Å—Ç–æ—ò–Ω–∏—Ç–µ –∏–∑–±–æ—Ä–∏ –≥–ª–∞—Å–æ—Ç –∑–∞ –°–î–°–ú –∏ –ö–æ–∞–ª–∏—Ü–∏—ò–∞—Ç–∞ –∑–∞ –µ–≤—Ä–æ–ø—Å–∫–∞ –∏–¥–Ω–∏–Ω–∞ –∑–Ω–∞—á–∏ –≥–ª–∞—Å –∑–∞ –ø–æ–±–µ–¥–∞ –Ω–∞ –µ–≤—Ä–æ–ø—Å–∫–∞ –ú–∞–∫–µ–¥–æ–Ω–∏—ò–∞. üá≤üá∞üá™üá∫"
1205178073800809,"–ì–æ–ª–µ–º–∞ –±–ª–∞–≥–æ–¥–∞—Ä–Ω–æ—Å—Ç –¥–æ @[100044372771750:2048:Olaf Scholz] –∑–∞ –Ω–µ–≥–æ–≤–∞—Ç–∞ –≥–æ–ª–µ–º–∞ –ø–æ–¥–¥—Ä—à–∫–∞ —É–ø–∞—Ç–µ–Ω–∞ –∫–æ–Ω –°–î–°–ú, –î–∏–º–∏—Ç–∞—Ä –ö–æ–≤–∞—á–µ–≤—Å–∫–∏ –∏ –Ω–∞—à–∏–æ—Ç –ø—Ä–µ—Ç—Å–µ–¥–∞—Ç–µ–ª –°—Ç–µ–≤–æ –ü–µ–Ω–¥–∞—Ä–æ–≤—Å–∫–∏.

–ù–∞ –ø—Ä–µ—Ç—Å—Ç–æ—ò–Ω–∏—Ç–µ –∏–∑–±–æ—Ä–∏ –≥–ª–∞—Å–æ—Ç –∑–∞ –°–î–°–ú –∏ –ö–æ–∞–ª–∏—Ü–∏—ò–∞—Ç–∞ –∑–∞ –µ–≤—Ä–æ–ø—Å–∫–∞ –∏–¥–Ω–∏–Ω–∞ –∑–Ω–∞—á–∏ –≥–ª–∞—Å –∑–∞ –ø–æ–±–µ–¥–∞ –Ω–∞ –µ–≤—Ä–æ–ø—Å–∫–∞ –ú–∞–∫–µ–¥–æ–Ω–∏—ò–∞. üá≤üá∞üá™üá∫"
354296314293772,–ó–∞ –µ–≤—Ä–æ–ø—Å–∫–∏ –∂–∏–≤–æ—Ç–µ–Ω —Å—Ç–∞–Ω–¥–∞—Ä–¥ üá≤üá∞üá™üá∫
952120736389685,"–ú–∞–∫–µ–¥–æ–Ω–∏—ò–∞ –∑–∞—Å–ª—É–∂—É–≤–∞ –µ–≤—Ä–æ–ø—Å–∫–∞ –∏–¥–Ω–∏–Ω–∞! 

–ù–∞—à–∞—Ç–∞ –≥–µ–Ω–µ—Ä–∞—Ü–∏—ò–∞ –∑–∞—Å–ª—É–∂—É–≤–∞ –µ–≤—Ä–æ–ø—Å–∫–∞ –∏–¥–Ω–∏–Ω–∞!

–ù–æ, –Ω–∞—ò–º–Ω–æ–≥—É –æ–¥ —Å–∏—Ç–µ, –Ω–∞—à–∏—Ç–µ –¥–µ—Ü–∞ –∑–∞—Å–ª—É–∂—É–≤–∞–∞—Ç –µ–≤—Ä–æ–ø—Å–∫–∞ –∏–¥–Ω–∏–Ω–∞!

–î–∞ –∂–∏–≤–µ–∞—Ç –≤–æ –ø—Ä–æ—Å–ø–µ—Ä–∏—Ç–µ—Ç–Ω–∞ –¥—Ä–∂–∞–≤–∞, –∫–æ—ò–∞ –µ –∑–µ–º—ò–∞ —á–ª–µ–Ω–∫–∞ –Ω–∞ –ï–£, —Å–æ –µ–≤—Ä–æ–ø—Å–∫–∏ —Å–∏—Å—Ç–µ–º –∏ –µ–≤—Ä–æ–ø—Å–∫–∏ –∂–∏–≤–æ—Ç–µ–Ω —Å—Ç–∞–Ω–¥–∞—Ä–¥. 

–ì–∞—Ä–∞–Ω—Ç–∏—Ä–∞–º–µ –ø—Ä–æ—Å–µ—á–Ω–∞ –ø–ª–∞—Ç–∞ –æ–¥ 1.100 –µ–≤—Ä–∞ –∏ –º–∏–Ω–∏–º–∞–ª–Ω–∞ –ø–ª–∞—Ç–∞ –æ–¥ 600 –µ–≤—Ä–∞. –ó–∞ –Ω–∞—à–∏—Ç–µ –ø–µ–Ω–∑–∏–æ–Ω–µ—Ä–∏ –æ–±–µ–∑–±–µ–¥—É–≤–∞–º–µ –ø—Ä–æ—Å–µ—á–Ω–∞ –ø–µ–Ω–∑–∏—ò–∞ –æ–¥ 30.000 –¥–µ–Ω–∞—Ä–∏ –∏ –º–∏–Ω–∏–º–∞–ª–Ω–∞ –ø–µ–Ω–∑–∏—ò–∞ –æ–¥ 20.000 –¥–µ–Ω–∞—Ä–∏. –ù–æ–≤–∏ 180 –º–∏–ª–∏–æ–Ω–∏ –µ–≤—Ä–∞ –∑–∞ –Ω–∞—à–∏—Ç–µ –¥–æ–º–∞—à–Ω–∏ –∫–æ–º–ø–∞–Ω–∏–∏ –∏ 1,35 –º–∏–ª–∏—ò–∞—Ä–¥–∏ –µ–≤—Ä–∞ –∑–∞ –Ω–∞—à–∏—Ç–µ –∑–µ–º—ò–æ–¥–µ–ª—Ü–∏. –ì–∞—Ä–∞–Ω—Ç–∏—Ä–∞–Ω–∞ –ø–ª–∞—Ç–∞ –∑–∞ –º–ª–∞–¥–∏—Ç–µ –∏ –≥—Ä–∞–Ω—Ç–æ–≤–∏ –∑–∞ –æ—Ç–ø–æ—á–Ω—É–≤–∞—ö–µ –Ω–æ–≤ –±–∏–∑–Ω–∏—Å, –∑–∞—Ç–æ–∞ —à—Ç–æ —Å–∞–∫–∞–º–µ –º–ª–∞–¥–∏—Ç–µ –¥–∞ —Å–∏ —ò–∞ –≥—Ä–∞–¥–∞—Ç —Å–≤–æ—ò–∞—Ç–∞ –∏–¥–Ω–∏–Ω–∞ –¥–æ–º–∞. 

–ì–∞—Ä–∞–Ω—Ç–∏—Ä–∞–º–µ –ø–æ–¥–æ–±—Ä–∏ —É—Å–ª–æ–≤–∏ –∏ –ø–ª–∞—Ç–∏ –∑–∞ –∑–¥—Ä–∞–≤—Å—Ç–≤–µ–Ω–∏—Ç–µ —Ä–∞–±–æ—Ç–Ω–∏—Ü–∏ –∏ —Ü–µ–ª–æ—Å–Ω–æ –±–µ—Å–ø–ª–∞—Ç–Ω–æ —ò–∞–≤–Ω–æ –∑–¥—Ä–∞–≤—Å—Ç–≤–æ. –í–µ—Ç—É–≤–∞–º–µ –ø–æ–¥–æ–±–∞—Ä –∏ –ø–æ–ø—Ä–∞–≤–µ–¥–µ–Ω —Å–∏—Å—Ç–µ–º –∑–∞ —Å–∏—Ç–µ, –±–µ—Å–∫–æ–º–ø—Ä–æ–º–∏—Å–Ω–∞ –±–æ—Ä–±–∞ —Å–æ –∫—Ä–∏–º–∏–Ω–∞–ª–æ—Ç –∏ –∫–æ—Ä—É–ø—Ü–∏—ò–∞—Ç–∞ –∏ –∫–æ–Ω–µ—á–Ω–æ —Å–æ —Å–ø—Ä–æ–≤–µ–¥—É–≤–∞—ö–µ –Ω–∞ –ø—Ä–æ—Ü–µ—Å–æ—Ç –Ω–∞ –≤–µ—Ç–∏–Ω–≥ –Ω–∞ —Å—É–¥–∏–∏—Ç–µ –∏ —ò–∞–≤–Ω–∏—Ç–µ –æ–±–≤–∏–Ω–∏—Ç–µ–ª–∏. –û–≤–∞ –µ –Ω–∞—à–∞—Ç–∞ –≤–∏–∑–∏—ò–∞ –∏ –Ω–∞—à–∞—Ç–∞ –ø—Ä–æ–≥—Ä–∞–º–∞ –∑–∞ –≥—Ä–∞—ì–∞–Ω–∏—Ç–µ –∏ –¥—Ä–∂–∞–≤–∞—Ç–∞.

–û–¥ –¥–µ–Ω–µ—Å —Å—Ç–∞–≤–∞–º–µ –ø–µ—á–∞—Ç –Ω–∞ —É—à—Ç–µ –µ–¥–Ω–∞ –≥–æ–ª–µ–º–∞ –ø–æ–±–µ–¥–∞ –∑–∞ –µ–≤—Ä–æ–ø—Å–∫–∞ –ú–∞–∫–µ–¥–æ–Ω–∏—ò–∞. –°–æ —Å–∏–º–±–æ–ª–∏—á–Ω–æ—Ç–æ –ø–æ—Ç–ø–∏—à—É–≤–∞—ö–µ –Ω–∞ –º—É—Ä–∞–ª–æ—Ç —Å–µ –∑–∞–ª–æ–∂–∏–≤–º–µ –¥–µ–∫–∞ —ú–µ –Ω–∞–ø—Ä–∞–≤–∏–º–µ —Å√® –¥–∞ –≥–æ –æ—Å—Ç–≤–∞—Ä–∏–º–µ —Å–æ–Ω–æ—Ç –Ω–∞ –º–Ω–æ–≥—É –≥–µ–Ω–µ—Ä–∞—Ü–∏–∏ ‚Äì –ú–∞–∫–µ–¥–æ–Ω–∏—ò–∞ –¥–∞ —Å—Ç–∞–Ω–µ —Ä–∞–º–Ω–æ–ø—Ä–∞–≤–Ω–∞ —á–ª–µ–Ω–∫–∞ –Ω–∞ –ï–≤—Ä–æ–ø—Å–∫–∞—Ç–∞ –£–Ω–∏—ò–∞.

–ù–∞ 8-–º–∏ –º–∞—ò —Å–æ –∑–∞–æ–∫—Ä—É–∂—É–≤–∞—ö–µ—Ç–æ –Ω–∞ –±—Ä–æ—ò 1 –∑–∞ –°–î–°–ú –∏ –ö–æ–∞–ª–∏—Ü–∏—ò–∞—Ç–∞ –∑–∞ –µ–≤—Ä–æ–ø—Å–∫–∞ –∏–¥–Ω–∏–Ω–∞ –≥–æ –¥–∞–≤–∞—Ç–µ —Å–≤–æ—ò–æ—Ç –≥–ª–∞—Å –∑–∞ –ø–æ–¥–æ–±—Ä–∞, –ø–æ–ø—Ä–æ—Å–ø–µ—Ä–∏—Ç–µ—Ç–Ω–∞ –µ–≤—Ä–æ–ø—Å–∫–∞ –∏–¥–Ω–∏–Ω–∞ –Ω–∞ –¥—Ä–∂–∞–≤–∞—Ç–∞. 

–ó–∞–µ–¥–Ω–æ –æ–¥–∏–º–µ –Ω–∞ –ø–æ–±–µ–¥–∞!

#–ù–µ–º–∞–û—Ç–∫–∞–∂—É–≤–∞—ö–µ–û–¥–ò–¥–Ω–∏–Ω–∞—Ç–∞ #–ó–∞–æ–∫—Ä—É–∂–∏1"
396351953314165,"üó£Ô∏è –î–µ–Ω–µ—Å —Ä–∞–∑–≥–æ–≤–∞—Ä–∞–≤–º–µ —Å–æ –≥—Ä–∞—ì–∞–Ω–∏—Ç–µ –≤–æ –î–æ–ª–Ω–æ –õ–∏—Å–∏—á–µ. –ù–∞—à–∞ –æ–±–≤—Ä—Å–∫–∞ –æ—Å—Ç–∞–Ω—É–≤–∞ –¥–∞ —Å–ª—É—à–∞–º–µ –∏ –¥–∞ —Å–æ—Ä–∞–±–æ—Ç—É–≤–∞–º–µ –ø–æ—Å—Ç–æ—ò–∞–Ω–æ, –±–∏–¥–µ—ò—ú–∏ –∑–∞–µ–¥–Ω–æ –º–æ–∂–µ–º–µ –¥–∞ –¥–æ—ò–¥–µ–º–µ –¥–æ —Å–∏–≥—É—Ä–Ω–∏ —Ä–µ—à–µ–Ω–∏—ò–∞ –∑–∞ —Å–µ–∫–æ—ò –ø—Ä–µ–¥–∏–∑–≤–∏–∫. 
‚úÖ –í–µ—Ä—É–≤–∞–º–µ –¥–µ–∫–∞ –µ –ø–æ—Ç—Ä–µ–±–µ–Ω –ª–∏–¥–µ—Ä –∫–∞–∫–æ –°—Ç–µ–≤–æ –ü–µ–Ω–¥–∞—Ä–æ–≤—Å–∫–∏, —á–æ–≤–µ–∫ –Ω–∞ –∫–æ—ò –º–æ–∂–µ–º–µ –¥–∞ —Å–º–µ—Ç–∞–º–µ –∏ –∫–æ—ò —Å—Ç–æ–∏ —Ä–∞–º–æ –¥–æ —Ä–∞–º–æ —Å–æ —Å–µ–∫–æ—ò –≥—Ä–∞—ì–∞–Ω–∏–Ω. –ù–∞ 24 –∞–ø—Ä–∏–ª, –≥–ª–∞—Å–∞–º–µ –∑–∞ –±—Ä–æ—ò–æ—Ç 1Ô∏è‚É£
#–°–î–°–ú #–ê–µ—Ä–æ–¥—Ä–æ–º #–î–æ–ª–Ω–æ–õ–∏—Å–∏—á–µ 
#–ù–∞—à–∏–æ—Ç–ü—Ä–µ—Ç—Å–µ–¥–∞—Ç–µ–ª #–°—Ç–µ–≤–æ"
967140451295680,"–ü–æ–∫–∞–∂–∞–≤–º–µ –≤–∏—Å—Ç–∏–Ω—Å–∫–∞ –∏—Å—Ç—Ä–∞—ò–Ω–æ—Å—Ç –∏ —Ö—Ä–∞–±—Ä–æ—Å—Ç –Ω–∞ –Ω–∞—à–∏–æ—Ç –ø–∞—Ç –∫–æ–Ω —á–ª–µ–Ω—Å—Ç–≤–æ—Ç–æ –≤–æ –ï–£.

–ü–æ–∫—Ä–∞—ò —Å–∏—Ç–µ –ø—Ä–µ–¥–∏–∑–≤–∏—Ü–∏ —Å–æ –∫–æ–∏ —Å–µ —Å–æ–æ—á–∏–≤–º–µ, –Ω–∞—à–∏–æ—Ç —Å–æ–Ω –∑–∞ –µ–≤—Ä–æ–ø—Å–∫–∞ –∏–¥–Ω–∏–Ω–∞ —Å—ê —É—à—Ç–µ —Ç—Ä–∞–µ –∏ –Ω–∞—à–∞—Ç–∞ —Ü–µ–ª –æ—Å—Ç–∞–Ω–∞ –∏—Å—Ç–∞.

–ü–æ–∫–∞–∂–∞–≤–º–µ —Ö—Ä–∞–±—Ä–æ—Å—Ç –∏ –ø–æ–∫–∞–∂–∞–≤–º–µ –¥–µ–∫–∞ –Ω–∏–∫–æ–≥–∞—à –Ω–µ–º–∞ –¥–∞ —Å–µ –æ—Ç–∫–∞–∂–µ–º–µ –æ–¥ –µ–≤—Ä–æ–ø—Å–∫–∏–æ—Ç –ø–∞—Ç –±–∏–¥–µ—ò—ú–∏ —Å–º–µ –ø–æ—Å–≤–µ—Ç–µ–Ω–∏ –Ω–∞ –Ω–∞—à–∞—Ç–∞ —Å—Ç—Ä–∞—Ç–µ—à–∫–∞ —Ü–µ–ª.

–ó–∞–µ–¥–Ω–æ —ú–µ –ø—Ä–æ–¥–æ–ª–∂–∏–º–µ –ø–æ –ø–∞—Ç–æ—Ç –Ω–∞ –µ–≤—Ä–æ–ø—Å–∫–∏—Ç–µ –∏–Ω—Ç–µ–≥—Ä–∞—Ü–∏–∏ –∏ —ú–µ –≥–æ –æ—Å—Ç–≤–∞—Ä–∏–º–µ –Ω–∞—à–∏–æ—Ç —Å–æ–Ω –∑–∞ –ø–æ–ª–Ω–æ–ø—Ä–∞–≤–Ω–æ —á–ª–µ–Ω—Å—Ç–≤–æ –≤–æ –ï–£. üá≤üá∞üá™üá∫"
4674457862779324,"–ì–ª–∞—Å–æ—Ç –∑–∞ #–°—Ç–µ–≤–æ –∏ –ö–æ–∞–ª–∏—Ü–∏—ò–∞—Ç–∞ –∑–∞ –µ–≤—Ä–æ–ø—Å–∫–∞ –∏–¥–Ω–∏–Ω–∞ –µ –≥–ª–∞—Å –∑–∞ –µ–≤—Ä–æ–ø—Å–∫–∞ –ú–∞–∫–µ–¥–æ–Ω–∏—ò–∞.

–ó–∞–µ–¥–Ω–æ —Å–æ #–ù–∞—à–∏–æ—Ç–ü—Ä–µ—Ç—Å–µ–¥–∞—Ç–µ–ª –°—Ç–µ–≤–æ –ü–µ–Ω–¥–∞—Ä–æ–≤—Å–∫–∏, –∏–º–∞–º–µ –≤–∏–∑–∏—ò–∞ –∏ –ø–ª–∞–Ω –∫–∞–∫–æ –¥–∞ —ò–∞ –≤–Ω–µ—Å–µ–º–µ –ú–∞–∫–µ–¥–æ–Ω–∏—ò–∞ –≤–æ –ï–≤—Ä–æ–ø—Å–∫–∞—Ç–∞ —É–Ω–∏—ò–∞. –†–µ—à–∏—Ç–µ–ª–Ω–∏ —Å–º–µ, –∏–º–∞–º–µ –≤–æ–ª—ò–∞, —Ö—Ä–∞–±—Ä–æ—Å—Ç –∏ –∑–Ω–∞–µ—ö–µ –∫–∞–∫–æ –¥–∞ —ò–∞ –æ–±–µ–∑–±–µ–¥–∏–º–µ –µ–≤—Ä–æ–ø—Å–∫–∞—Ç–∞ –∏–¥–Ω–∏–Ω–∞ –Ω–∞ –∑–µ–º—ò–∞—Ç–∞, –Ω–∞ —Å–∏—Ç–µ –Ω–∞—à–∏ –≥—Ä–∞—ì–∞–Ω–∏. –ù–∞ —Å–∏—Ç–µ —Å–µ–≥–∞—à–Ω–∏ –∏ –∏–¥–Ω–∏ –≥–µ–Ω–µ—Ä–∞—Ü–∏–∏."
446303441400950,"–í–æ –Ω–µ–¥–æ—Å—Ç–∞—Ç–æ–∫ –Ω–∞ –ø–ª–∞–Ω –∏ –ø—Ä–æ–≥—Ä–∞–º–∞, –°–∏–ª—ò–∞–Ω–æ–≤—Å–∫–∞ –µ —Ü–µ–ª–æ—Å–Ω–æ –≤–æ –º–∞—Ç—Ä–∏—Ü–∞—Ç–∞ –Ω–∞ –î–ü–ú–ù–ï –∏ —É–ø–∞—Ç—É–≤–∞ –Ω–∞–≤—Ä–µ–¥–∏ –∫–æ–Ω –ü–µ–Ω–¥–∞—Ä–æ–≤—Å–∫–∏ –∏ –ö–æ–≤–∞—á–µ–≤—Å–∫–∏.

–õ–∏—á–Ω–∏—Ç–µ –¥–∏—Å–∫—Ä–µ–¥–∏—Ç–∞—Ü–∏–∏ –∑–∞ –ø—Ä–µ–∫–∞—Ä–∏ —Å–æ –∂–µ–Ω—Å–∫–∏ —Ä–æ–¥, –Ω–∞–≤—Ä–µ–¥–∏—Ç–µ –∑–∞ –∏–Ω—Ç–µ–ª–µ–∫—Ç—É–∞–ª–Ω–∏ –∫–∞–ø–∞—Ü–∏—Ç–µ—Ç–∏ –∏—Å–∫–∞–∂–∞–Ω–∏ –æ–¥ –°–∏–ª—ò–∞–Ω–æ–≤—Å–∫–∞ –Ω–µ –¥–æ–ª–∏–∫—É–≤–∞–∞—Ç –Ω–∏—Ç—É –Ω–∞ –ø—Ä–æ—Ñ–µ—Å–æ—Ä –Ω–∏—Ç—É –Ω–∞ –ø–æ–ª–∏—Ç–∏—á–∞—Ä.

–ö–∞–∫–æ–≤ –µ —Ç–æ—ò –ø—Ä–æ—Ñ–µ—Å–æ—Ä –∫–æ—ò –≥–∏ –Ω–∞–≤—Ä–µ–¥—É–≤–∞ —Å—Ç—É–¥–µ–Ω—Ç–∏—Ç–µ? –ö–∞–∫–æ–≤ –µ —Ç–æ—ò –ø–æ–ª–∏—Ç–∏—á–∞—Ä –∫–æ—ò –Ω–∞–º–µ—Å—Ç–æ –¥–∞ –ø—Ä–µ—Ç—Å—Ç–∞–≤–∏ –∏ –∏–¥–µ–∏ –Ω–∞–≤—Ä–µ–¥—É–≤–∞ –Ω–µ–∏—Å—Ç–æ–º–∏—Å–ª–µ–Ω–∏—Ü–∏ –∞ —Å–æ —Ç–æ–∞ –≥–∏ –Ω–∞–≤—Ä–µ–¥—É–≤–∞ –∏ –≥—Ä–∞—ì–∞–Ω–∏—Ç–µ.

–ú–∏—Ç–∏–Ω–∑–∏—Ç–µ —Å–µ –∑–∞ –ø—Ä–µ—Ç—Å—Ç–∞–≤—É–≤–∞—ö–µ –Ω–∞ –≤–∏–∑–∏—ò–∞—Ç–∞, –ø–æ–Ω—É–¥–∞—Ç–∞ –ø—Ä–µ–¥ –≥—Ä–∞—ì–∞–Ω–∏—Ç–µ –∞ –Ω–µ –∑–∞ –Ω–∞–≤—Ä–µ–¥–∏ –∏ –ª–∏—á–Ω–∏ –¥–∏—Å–∫—Ä–µ–¥–∏—Ç–∞—Ü–∏–∏.

–ü–∞–Ω–∏–∫–∞ –æ–¥ –ø–æ—Ä–∞–∑ –Ω–∞ –∏–∑–±–æ—Ä–∏—Ç–µ, –Ω–µ–º–∞—ö–µ—Ç–æ –ø–ª–∞–Ω, –≤–∏–∑–∏—ò–∞, –Ω–µ —Å–µ –æ–ø—Ä–∞–≤–¥—É–≤–∞—ö–µ.

–ó–∞—Ç–æ–∞ –°–∏–ª—ò–∞–Ω–æ–≤—Å–∫–∞ —Ç—Ä–µ–±–∞ –¥–∞ —Å–µ –∏–∑–≤–∏–Ω–∏."
413936974576258,#–ê–µ—Ä–æ–¥—Ä–æ–º –µ —Å–æ #–ù–∞—à–∏–æ—Ç–ü—Ä–µ—Ç—Å–µ–¥–∞—Ç–µ–ª –°—Ç–µ–≤–æ –ü–µ–Ω–¥–∞—Ä–æ–≤—Å–∫–∏.
1146589880118487,"–£–±–∞–≤ –¥–µ–Ω –∑–∞ –ø–µ—à–∞—á–µ—ö–µ –¥–æ #–í–æ–¥–Ω–æ, –∑–∞–µ–¥–Ω–æ —Å–æ –Ω–∞—à–∏—Ç–µ –≥—Ä–∞—ì–∞–Ω–∏. –à–∞ –∏—Å–∫–æ—Ä–∏—Å—Ç–∏–≤–º–µ –º–æ–∂–Ω–æ—Å—Ç–∞ –¥–∞ —Ä–∞–∑–≥–æ–≤–∞—Ä–∞–≤–º–µ –∑–∞ —Ç–æ–∞ —à—Ç–æ –≥–∏ –∑–∞–≥—Ä–∏–∂—É–≤–∞ –≥—Ä–∞—ì–∞–Ω–∏—Ç–µ. 

–ü–æ—Ç—Ä–µ–±–Ω–æ –Ω–∏ –µ –¥–∞ –ø—Ä–æ–¥–æ–ª–∂–∏–º–µ –ø–æ –µ–≤—Ä–æ–ø—Å–∫–∏–æ—Ç –ø–∞—Ç, —Ç–æ–∞ –µ –µ–¥–∏–Ω—Å—Ç–≤–µ–Ω–∞—Ç–∞ –∞–ª—Ç–µ—Ä–Ω–∞—Ç–∏–≤–∞ –∑–∞ —Å—É—à—Ç–∏–Ω—Å–∫–∏ –∏ –ø–æ–∑–∏—Ç–∏–≤–Ω–∏ –ø—Ä–æ–º–µ–Ω–∏ –≤–æ –Ω–∞—à–∞—Ç–∞ –¥—Ä–∂–∞–≤–∞. #–°–î–°–ú –∏ –ö–æ–∞–ª–∏—Ü–∏—ò–∞—Ç–∞ –∑–∞ –µ–≤—Ä–æ–ø—Å–∫–∞ –∏–¥–Ω–∏–Ω–∞, –∏–º–∞ —ò–∞—Å–Ω–∞ –≤–∏–∑–∏—ò–∞ –∑–∞ –µ–≤—Ä–æ–ø—Å–∫–∞ –∏–Ω—Ç–µ–≥—Ä–∞—Ü–∏—ò–∞ –Ω–∞ –¥—Ä–∂–∞–≤–∞—Ç–∞, –∑–∞ –¥—Ä–∂–∞–≤–∞ —Å–æ —Ä–∞–∑–≤–∏–µ–Ω–∞ –µ–∫–æ–Ω–æ–º–∏—ò–∞, –ø–æ–¥–æ–±—Ä–æ –æ–±—Ä–∞–∑–æ–≤–∞–Ω–∏–µ, –∑–¥—Ä–∞–≤—Å—Ç–≤–æ, —Ñ—É–Ω–∫—Ü–∏–æ–Ω–∞–ª–Ω–æ –≤–ª–∞–¥–µ–µ—ö–µ –Ω–∞ –ø—Ä–∞–≤–æ—Ç–æ. –¢–∞–∞ –µ –≤–∏–∑–∏—ò–∞—Ç–∞ –∏ –Ω–∞ #–ù–∞—à–∏–æ—Ç–ü—Ä–µ—Ç—Å–µ–¥–∞—Ç–µ–ª, #–°—Ç–µ–≤–æ –ü–µ–Ω–¥–∞—Ä–æ–≤—Å–∫–∏. 

–ù–µ–º–∞ –¥–∞ —Å–µ –æ—Ç–∫–∞–∂–µ–º–µ –æ–¥ –µ–≤—Ä–æ–ø—Å–∫–∞—Ç–∞ –∏–¥–Ω–∏–Ω–∞ –∏ –≥—Ä–∞–¥–µ—ö–µ –ø–æ–¥–æ–±—Ä–æ –æ–ø—à—Ç–µ—Å—Ç–≤–æ –∑–∞ –≥—Ä–∞—ì–∞–Ω–∏—Ç–µ. –ï–≤—Ä–æ–ø—Å–∫–∏–æ—Ç –ø–∞—Ç –≥–æ –ø—Ä–æ–¥–æ–ª–∂—É–≤–∞–º–µ —Å–æ –ø—Ä–æ–µ–≤—Ä–æ–ø—Å–∫–∏ –ø—Ä–µ—Ç—Å–µ–¥–∞—Ç–µ–ª, –°—Ç–µ–≤–æ –ü–µ–Ω–¥–∞—Ä–æ–≤—Å–∫–∏ –∏ –ø—Ä–æ–µ–≤—Ä–æ–ø—Å–∫–∞ –í–ª–∞–¥–∞ —Ñ–æ—Ä–º–∏—Ä–∞–Ω–∞ –æ–¥ –°–î–°–ú –∏ –ö–æ–∞–ª–∏—Ü–∏—ò–∞—Ç–∞ –∑–∞ –µ–≤—Ä–æ–ø—Å–∫–∞ –∏–¥–Ω–∏–Ω–∞."
802323778442410,"–°—Ç–µ–≤–æ –ü–µ–Ω–¥–∞—Ä–æ–≤—Å–∫–∏ –µ –ø—Ä–æ–≥—Ä–µ—Å–∏–≤–µ–Ω –ø–æ–ª–∏—á–∞—Ä —Å–æ —ò–∞—Å–Ω–∞ –≤–∏–∑–∏—ò–∞ –∑–∞ –µ–≤—Ä–æ–ø—Å–∫–∞ –∏–¥–Ω–∏–Ω–∞ –Ω–∞ –¥—Ä–∂–∞–≤–∞—Ç–∞.

–°–∏–ª–Ω–æ –≥–æ –ø–æ–¥–¥—Ä–∂—É–≤–∞ —á–ª–µ–Ω—Å—Ç–≤–æ—Ç–æ –≤–æ –ï–£ –∏ –ù–ê–¢–û.

–ü–æ–∫–∞–∂–∞ —à—Ç–æ –∑–Ω–∞—á–∏ –¥–∞ —Å–µ –±–∏–¥–µ –≤–∏—Å—Ç–∏–Ω—Å–∫–∏ –ø—Ä–µ—Ç—Å–µ–¥–∞—Ç–µ–ª –Ω–∞ —Å–∏—Ç–µ –≥—Ä–∞—ì–∞–Ω–∏, –±–µ–∑ —Ä–∞–∑–ª–∏–∫–∞ –Ω–∞ –µ—Ç–Ω–∏—á–∫–∞, –≤–µ—Ä—Å–∫–∞ –∏–ª–∏ –¥—Ä—É–≥–∞ –ø—Ä–∏–ø–∞–¥–Ω–æ—Å—Ç.

#A–µ—Ä–æ–¥—Ä–æ–º –µ —Å–æ #–ù–∞—à–∏–æ—Ç–ü—Ä–µ—Ç—Å–µ–¥–∞—Ç–µ–ª #–°—Ç–µ–≤–æ.

–°–æ –≥–ª–∞—Å –∑–∞ –°—Ç–µ–≤–æ –æ–±–µ–∑–±–µ–¥—É–≤–∞–º–µ —Å–∏–≥—É—Ä–Ω–∞ –µ–≤—Ä–æ–ø—Å–∫–∞ –∏–¥–Ω–∏–Ω–∞, –ø–æ–¥–æ–±—Ä–∞ –∏–¥–Ω–∏–Ω–∞ –∑–∞ —Å–∏—Ç–µ."
345081434704628,"üá≤üá∞üá™üá∫ –ì–ª–∞—Å–æ—Ç –∑–∞ –°—Ç–µ–≤–æ –∏ –ö–æ–∞–ª–∏—Ü–∏—ò–∞—Ç–∞ –∑–∞ –µ–≤—Ä–æ–ø—Å–∫–∞ –∏–¥–Ω–∏–Ω–∞ –µ –≥–ª–∞—Å –∑–∞ –µ–≤—Ä–æ–ø—Å–∫–∞ –ú–∞–∫–µ–¥–æ–Ω–∏—ò–∞.
‚úä –ó–∞–µ–¥–Ω–æ —Å–æ –Ω–∞—à–∏–æ—Ç –ø—Ä–µ—Ç—Å–µ–¥–∞—Ç–µ–ª –°—Ç–µ–≤–æ –ü–µ–Ω–¥–∞—Ä–æ–≤—Å–∫–∏, –∏–º–∞–º–µ –≤–∏–∑–∏—ò–∞ –∏ –ø–ª–∞–Ω –∫–∞–∫–æ –¥–∞ —ò–∞ –≤–Ω–µ—Å–µ–º–µ –ú–∞–∫–µ–¥–æ–Ω–∏—ò–∞ –≤–æ –ï–≤—Ä–æ–ø—Å–∫–∞—Ç–∞ —É–Ω–∏—ò–∞. –†–µ—à–∏—Ç–µ–ª–Ω–∏ —Å–º–µ, –∏–º–∞–º–µ –≤–æ–ª—ò–∞, —Ö—Ä–∞–±—Ä–æ—Å—Ç –∏ –∑–Ω–∞–µ—ö–µ –∫–∞–∫–æ –¥–∞ —ò–∞ –æ–±–µ–∑–±–µ–¥–∏–º–µ –µ–≤—Ä–æ–ø—Å–∫–∞—Ç–∞ –∏–¥–Ω–∏–Ω–∞ –Ω–∞ –∑–µ–º—ò–∞—Ç–∞, –Ω–∞ —Å–∏—Ç–µ –Ω–∞—à–∏ –≥—Ä–∞—ì–∞–Ω–∏. –ù–∞ —Å–∏—Ç–µ —Å–µ–≥–∞—à–Ω–∏ –∏ –∏–¥–Ω–∏ –≥–µ–Ω–µ—Ä–∞—Ü–∏–∏."
412339098080713,"–ü—Ä–µ—Ç—Å–µ–¥–∞—Ç–µ–ª–æ—Ç –Ω–∞ #–°–î–°–ú –î–∏–º–∏—Ç–∞—Ä –ö–æ–≤–∞—á–µ–≤—Å–∫–∏ –≤–µ—á–µ—Ä–≤–∞ —Å–æ –Ω–∞—à–∏—Ç–µ —Å–æ–≥—Ä–∞—ì–∞–Ω–∏ –æ–¥ #–ê–µ—Ä–æ–¥—Ä–æ–º —Ä–∞–∑–≥–æ–≤–∞—Ä–∞—à–µ –∑–∞ –µ–≤—Ä–æ–∏–Ω—Ç–µ–≥—Ä–∞—Ü–∏—Å–∫–∏–æ—Ç –ø—Ä–æ—Ü–µ—Å –∫–∞–∫–æ –µ–¥–∏–Ω—Å—Ç–≤–µ–Ω –∫–æ—ò –º–æ–∂–µ –¥–∞ –¥–æ–Ω–µ—Å–µ –ø–æ–∑–∏—Ç–∏–≤–Ω–∏ –ø—Ä–æ–º–µ–Ω–∏ –∏ –ø–æ–¥–æ–±–∞—Ä –∂–∏–≤–æ—Ç–µ–Ω —Å—Ç–∞–Ω–¥–∞—Ä–¥ –≤–æ –∑–µ–º—ò–∞—Ç–∞. 

–î–∞–ª–∏ —ú–µ –æ–¥–∏–º–µ –Ω–∞–ø—Ä–µ–¥ –∫–æ–Ω –ø—Ä–æ–≥—Ä–µ—Å –∏–ª–∏ —ú–µ —Å–µ –∑–∞–≥–ª–∞–≤–∏–º–µ –ø–æ–≤—Ç–æ—Ä–Ω–æ –≤–æ –º–∏–Ω–∞—Ç–æ—Ç–æ –µ –∏–∑–±–æ—Ä–æ—Ç —à—Ç–æ –≥–æ –∏–º–∞–∞—Ç –≥—Ä–∞—ì–∞–Ω–∏—Ç–µ –Ω–∞ –ø—Ä–µ—Ç—Å—Ç–æ—ò–Ω–∏—Ç–µ –∏–∑–±–æ—Ä–∏. –°–î–°–ú, –ö–æ–∞–ª–∏—Ü–∏—ò–∞—Ç–∞ –∑–∞ –µ–≤—Ä–æ–ø—Å–∫–∞ –∏–¥–Ω–∏–Ω–∞ –∏ –ø—Ä–µ—Ç—Å–µ–¥–∞—Ç–µ–ª–æ—Ç #–°—Ç–µ–≤–æ –ü–µ–Ω–¥–∞—Ä–æ–≤—Å–∫–∏, –Ω–∏–µ –∏–º–∞–º–µ –∫–æ–Ω–∫—Ä–µ—Ç–µ–Ω –∏ —ò–∞—Å–µ–Ω –ø–ª–∞–Ω –∫–æ—ò —ú–µ —ò–∞ –ø—Ä–∏–¥–≤–∏–∂–∏ –∑–µ–º—ò–∞—Ç–∞ –Ω–∞–ø—Ä–µ–¥ –∫–æ–Ω –ï–£. –°–∏—Ç–µ –Ω–∏–µ —ò–∞ –¥–µ–ª–∏–º–µ –≤–∏–∑–∏—ò–∞—Ç–∞ –∑–∞ –µ–≤—Ä–æ–ø—Å–∫–∞ –∏ –ø—Ä–æ—Å–ø–µ—Ä–∏—Ç–µ—Ç–Ω–∞ –¥—Ä–∂–∞–≤–∞.

O–¥–∏–º–µ –Ω–∞ –¥–≤–æ—ò–Ω–∞ #–ø–æ–±–µ–¥–∞! –ù–æ–≤–∞ –ø–æ–±–µ–¥–∞ –Ω–∞ #–ù–∞—à–∏–æ—Ç–ü—Ä–µ—Ç—Å–µ–¥–∞—Ç–µ–ª –°—Ç–µ–≤–æ –ü–µ–Ω–¥–∞—Ä–æ–≤—Å–∫–∏ –∏ –Ω–∞ –°–î–°–ú –∏ –ö–æ–∞–ª–∏—Ü–∏—ò–∞—Ç–∞ –∑–∞ –µ–≤—Ä–æ–ø—Å–∫–∞ –∏–¥–Ω–∏–Ω–∞!"
651759777088419,"üö© –î–µ–Ω–µ—Å, –í–µ–≤—á–∞–Ω—Ü–∏ –∏–º–∞–∞ –º–æ–∂–Ω–æ—Å—Ç –¥–∞ —Å–µ –∑–∞–ø–æ–∑–Ω–∞–∞—Ç —Å–æ –¥–µ–ª –æ–¥ –ø—Ä–æ–≥—Ä–∞–º–Ω–∏–æ—Ç –º–∞—Ç–µ—Ä–∏—ò–∞–ª –Ω–∞ —Å–µ–≥–∞—à–Ω–∏–æ—Ç –∏ –∏–¥–µ–Ω –ø—Ä–µ—Ç—Å–µ–¥–∞—Ç–µ–ª –°—Ç–µ–≤–æ –ü–µ–Ω–¥–∞—Ä–æ–≤—Å–∫–∏. –í–µ–¥—Ä–∏ –ª–∏—Ü–∞, –ø–æ–∑–∏—Ç–∏–≤–Ω–∞ –µ–Ω–µ—Ä–≥–∏—ò–∞ –∏ –∞—Ç–º–æ—Å—Ñ–µ—Ä–∞, —Ç–æ–ø–æ–ª –ø—Ä–µ—á–µ–∫ –Ω–∞ –í–µ–≤—á–∞–Ω—Å–∫–∏—Ç–µ –¥–æ–º–∞—ú–∏–Ω–∏ –∫–æ–∏ –∑–Ω–∞–∞—Ç –¥–∞ –ø—Ä–µ–ø–æ–∑–Ω–∞–∞—Ç –∫–æ—ò –Ω–∞–≤–∏—Å—Ç–∏–Ω–∞ —Å–µ –≥—Ä–∏–∂–∏ –∑–∞ –Ω–∞—Ä–æ–¥–æ—Ç –∏ –¥—Ä–∂–∞–≤–∞—Ç–∞.
–í–æ –ø–µ—Ä–∏–æ–¥ –∫–æ—ò —Å–ª–µ–¥–∏ –ø—Ä–æ–¥–æ–ª–∂—É–≤–∞–º–µ, —ú–µ –±–∏–¥–µ –ø–æ—Å–µ—Ç–µ–Ω–æ —Å–µ–∫–æ–µ —Å–µ–º–µ—ò—Å—Ç–≤–æ —Å–æ —Ü–µ–ª –∑–∞–ø–æ–∑–Ω–∞–≤–∞—ö–µ —Å–æ –ø—Ä–æ–≥—Ä–∞–º–∞—Ç–∞.
#–°—Ç–µ–≤–æ–ù–∞—à–∏–æ—Ç–ü—Ä–µ—Ç—Å–µ–¥–∞—Ç–µ–ª"
1114635689688491,"–ù–æ–≤–∏ 700.000 –¥–µ–Ω–∞—Ä–∏ –æ–¥–≤–æ–∏ –í–ª–∞–¥–∞—Ç–∞ –ø—Ä–µ–¥–≤–æ–¥–µ–Ω–∞ –æ–¥ #–°–î–°–ú –∑–∞ –≥—Ä–∞—ì–∞–Ω–∏—Ç–µ –Ω–∞ –û–ø—à—Ç–∏–Ω–∞ #–ê–µ—Ä–æ–¥—Ä–æ–º. –û–≤–∏–µ —Å—Ä–µ–¥—Å—Ç–≤–∞ —Å–µ –Ω–∞–º–µ–Ω–µ—Ç–∏ –∑–∞ –∏–∑—Ä–∞–±–æ—Ç–∫–∞ –Ω–∞ —Ç–µ—Ö–Ω–∏—á–∫–∞ –¥–æ–∫—É–º–µ–Ω—Ç–∞—Ü–∏—ò–∞ –∑–∞ –∏–∑–≥—Ä–∞–¥–±–∞ –Ω–∞ –Ω–æ–≤–∞ –≤–æ–¥–æ–≤–æ–¥–Ω–∞ –º—Ä–µ–∂–∞ –∑–∞ –∂–∏—Ç–µ–ª–∏—Ç–µ –Ω–∞ —É–ª–∏—Ü–∏—Ç–µ 2, 4 –∏ 20 –≤–æ –î–æ–ª–Ω–æ –õ–∏—Å–∏—á–µ.

–û–≤–∞ –≥–∏ —Ä–µ—à–∞–≤–∞ –ø—Ä–æ–±–ª–µ–º–∏—Ç–µ —Å–æ —Å–Ω–∞–±–¥—É–≤–∞—ö–µ—Ç–æ —Å–æ –≤–æ–¥–∞, —Å–æ –∫–æ–∏ —Å–µ —Å–æ–æ—á—É–≤–∞–∞ –∂–∏—Ç–µ–ª–∏—Ç–µ –Ω–∞ –æ–≤–æ—ò –¥–µ–ª –æ–¥ –î–æ–ª–Ω–æ –õ–∏—Å–∏—á–µ.

–û–ø—à—Ç–∏–Ω–∞ –ê–µ—Ä–æ–¥—Ä–æ–º –µ –µ–¥–Ω–∞ –æ–¥ –≤–∫—É–ø–Ω–æ 27 –æ–ø—à—Ç–∏–Ω–∏ —à–∏—Ä—É–º –¥—Ä–∂–∞–≤–∞—Ç–∞ –∫–æ–∏ –≤–æ —Ñ–µ–≤—Ä—É–∞—Ä–∏ –≥–æ–¥–∏–Ω–∞–≤–∞ –¥–æ–±–∏—ò–∞ —Å—Ä–µ–¥—Å—Ç–≤–∞ –Ω–∞ –∫–æ–Ω–∫—É—Ä—Å–æ—Ç –∑–∞ –ø—Ä–æ–µ–∫—Ç–∏ –æ–¥ –æ–±–ª–∞—Å—Ç–∞ –Ω–∞ –∂–∏–≤–æ—Ç–Ω–∞—Ç–∞ —Å—Ä–µ–¥–∏–Ω–∞, —Å–ø—Ä–æ–≤–µ–¥–µ–Ω –æ–¥ –ú–∏–Ω–∏—Å—Ç–µ—Ä—Å—Ç–≤–æ—Ç–æ –∑–∞ –∂–∏–≤–æ—Ç–Ω–∞ —Å—Ä–µ–¥–∏–Ω–∞. 

–°–î–°–ú –ø–æ–¥–µ–¥–Ω–∞–∫–≤–æ —Å–µ –≥—Ä–∏–∂–∏ –∑–∞ –∂–∏—Ç–µ–ª–∏—Ç–µ –Ω–∞ —Å–∏—Ç–µ –æ–ø—à—Ç–∏–Ω–∏ –≤–æ –¥—Ä–∂–∞–≤–∞—Ç–∞, —Å–ø—Ä–æ—Ç–∏–≤–Ω–æ –Ω–∞ –ª–∞–∂–Ω–∏—Ç–µ –æ–±–≤–∏–Ω—É–≤–∞—ö–∞ –Ω–∞ –í–ú–†–û-–î–ü–ú–ù–ï –≤–æ –ê–µ—Ä–æ–¥—Ä–æ–º.

–í–ª–∞–¥–∞—Ç–∞ –ø—Ä–µ–¥–≤–æ–¥–µ–Ω–∞ –æ–¥ –°–î–°–ú –ø–æ–∫–∞–∂—É–≤–∞ –Ω–∞ –¥–µ–ª–æ –∫–∞–∫–æ —Å–µ –≥—Ä–∏–∂–∏ –∑–∞ —Å–∏—Ç–µ –≥—Ä–∞—ì–∞–Ω–∏, –±–µ–∑ –ø—Ä–∏—Ç–æ–∞ –¥–∞ –∏–º–∞ –±–∏–ª–æ –∫–∞–∫–≤–∏ –ø–æ–ª–∏—Ç–∏—á–∫–æ-–ø–∞—Ä—Ç–∏—Å–∫–∏, –µ—Ç–Ω–∏—á–∫–∏ –∏ –¥—Ä—É–≥–∏ –ø—Ä–∏–æ—Ä–∏—Ç–µ—Ç–∏. 

–ü—Ä–∏–æ—Ä–∏—Ç–µ—Ç –±—Ä–æ—ò –µ–¥–µ–Ω –∑–∞ –°–î–°–ú —Å–µ –≥—Ä–∞—ì–∞–Ω–∏—Ç–µ."
825893472916672,"–ù–æ–≤–∏ 700.000 –¥–µ–Ω–∞—Ä–∏ –æ–¥–≤–æ–∏ –í–ª–∞–¥–∞—Ç–∞ –ø—Ä–µ–¥–≤–æ–¥–µ–Ω–∞ –æ–¥ #–°–î–°–ú –∑–∞ –≥—Ä–∞—ì–∞–Ω–∏—Ç–µ –Ω–∞ –û–ø—à—Ç–∏–Ω–∞ #–ê–µ—Ä–æ–¥—Ä–æ–º. –û–≤–∏–µ —Å—Ä–µ–¥—Å—Ç–≤–∞ —Å–µ –Ω–∞–º–µ–Ω–µ—Ç–∏ –∑–∞ –∏–∑—Ä–∞–±–æ—Ç–∫–∞ –Ω–∞ —Ç–µ—Ö–Ω–∏—á–∫–∞ –¥–æ–∫—É–º–µ–Ω—Ç–∞—Ü–∏—ò–∞ –∑–∞ –∏–∑–≥—Ä–∞–¥–±–∞ –Ω–∞ –Ω–æ–≤–∞ –≤–æ–¥–æ–≤–æ–¥–Ω–∞ –º—Ä–µ–∂–∞ –∑–∞ –∂–∏—Ç–µ–ª–∏—Ç–µ –Ω–∞ —É–ª–∏—Ü–∏—Ç–µ 2, 4 –∏ 20 –≤–æ –î–æ–ª–Ω–æ –õ–∏—Å–∏—á–µ.

–û–≤–∞ –≥–∏ —Ä–µ—à–∞–≤–∞ –ø—Ä–æ–±–ª–µ–º–∏—Ç–µ —Å–æ —Å–Ω–∞–±–¥—É–≤–∞—ö–µ—Ç–æ —Å–æ –≤–æ–¥–∞, —Å–æ –∫–æ–∏ —Å–µ —Å–æ–æ—á—É–≤–∞–∞ –∂–∏—Ç–µ–ª–∏—Ç–µ –Ω–∞ –æ–≤–æ—ò –¥–µ–ª –æ–¥ –î–æ–ª–Ω–æ –õ–∏—Å–∏—á–µ.

–û–ø—à—Ç–∏–Ω–∞ –ê–µ—Ä–æ–¥—Ä–æ–º –µ –µ–¥–Ω–∞ –æ–¥ –≤–∫—É–ø–Ω–æ 27 –æ–ø—à—Ç–∏–Ω–∏ —à–∏—Ä—É–º –¥—Ä–∂–∞–≤–∞—Ç–∞ –∫–æ–∏ –≤–æ —Ñ–µ–≤—Ä—É–∞—Ä–∏ –≥–æ–¥–∏–Ω–∞–≤–∞ –¥–æ–±–∏—ò–∞ —Å—Ä–µ–¥—Å—Ç–≤–∞ –Ω–∞ –∫–æ–Ω–∫—É—Ä—Å–æ—Ç –∑–∞ –ø—Ä–æ–µ–∫—Ç–∏ –æ–¥ –æ–±–ª–∞—Å—Ç–∞ –Ω–∞ –∂–∏–≤–æ—Ç–Ω–∞—Ç–∞ —Å—Ä–µ–¥–∏–Ω–∞, —Å–ø—Ä–æ–≤–µ–¥–µ–Ω –æ–¥ –ú–∏–Ω–∏—Å—Ç–µ—Ä—Å—Ç–≤–æ—Ç–æ –∑–∞ –∂–∏–≤–æ—Ç–Ω–∞ —Å—Ä–µ–¥–∏–Ω–∞. 

–°–î–°–ú –ø–æ–¥–µ–¥–Ω–∞–∫–≤–æ —Å–µ –≥—Ä–∏–∂–∏ –∑–∞ –∂–∏—Ç–µ–ª–∏—Ç–µ –Ω–∞ —Å–∏—Ç–µ –æ–ø—à—Ç–∏–Ω–∏ –≤–æ –¥—Ä–∂–∞–≤–∞—Ç–∞, —Å–ø—Ä–æ—Ç–∏–≤–Ω–æ –Ω–∞ –ª–∞–∂–Ω–∏—Ç–µ –æ–±–≤–∏–Ω—É–≤–∞—ö–∞ –Ω–∞ –í–ú–†–û-–î–ü–ú–ù–ï –≤–æ –ê–µ—Ä–æ–¥—Ä–æ–º.

–í–ª–∞–¥–∞—Ç–∞ –ø—Ä–µ–¥–≤–æ–¥–µ–Ω–∞ –æ–¥ –°–î–°–ú –ø–æ–∫–∞–∂—É–≤–∞ –Ω–∞ –¥–µ–ª–æ –∫–∞–∫–æ —Å–µ –≥—Ä–∏–∂–∏ –∑–∞ —Å–∏—Ç–µ –≥—Ä–∞—ì–∞–Ω–∏, –±–µ–∑ –ø—Ä–∏—Ç–æ–∞ –¥–∞ –∏–º–∞ –±–∏–ª–æ –∫–∞–∫–≤–∏ –ø–æ–ª–∏—Ç–∏—á–∫–æ-–ø–∞—Ä—Ç–∏—Å–∫–∏, –µ—Ç–Ω–∏—á–∫–∏ –∏ –¥—Ä—É–≥–∏ –ø—Ä–∏–æ—Ä–∏—Ç–µ—Ç–∏. 

–ü—Ä–∏–æ—Ä–∏—Ç–µ—Ç –±—Ä–æ—ò –µ–¥–µ–Ω –∑–∞ –°–î–°–ú —Å–µ –≥—Ä–∞—ì–∞–Ω–∏—Ç–µ."
451636927205443,"–ù–µ—Ä–≤–æ–∑–∞—Ç–∞ –≤–æ –±–µ–ª–∞—Ç–∞ –ø–∞–ª–∞—Ç–∞ —Å–µ –º–∞–Ω–∏—Ñ–µ—Å—Ç–∏—Ä–∞ —Å–æ –±—Ä—É—Ç–∞–ª–Ω–æ –∞–ø—Å–µ—ö–µ –Ω–æ–≤–∏–Ω–∞—Ä–∏ –∏ –æ–±–∏–¥ –∑–∞ –∑–∞–º–ª—á—É–≤–∞—ö–µ –∏ –∑–∞–ø–ª–∞—à—É–≤–∞—ö–µ, –∏—Å—Ç–æ –∫–∞–∫–æ –≤–æ –º—Ä–∞—á–Ω–æ—Ç–æ –≤—Ä–µ–º–µ –Ω–∞ —Ä–µ–∂–∏–º–æ—Ç –∏ –í–ú–†–û-–ú–í–†–û.

–ü—Ä–æ–ø–∞–≥–∞–Ω–¥–∞—Ç–∞, –∑–ª–æ—É–ø–æ—Ç—Ä–µ–±–∏—Ç–µ –Ω–∞ –º–µ–¥–∏—É–º–∏—Ç–µ, –ø–ª–∞—Å–∏—Ä–∞—ö–µ –ª–∞–∂–Ω–∏ –≤–µ—Å—Ç–∏ –∏ –Ω–∞—Ä–∞—á–∞–Ω–∏ –∞–Ω–∫–µ—Ç–∏ –∑–∞ –º–∞–Ω–∏–ø—É–ª–∏—Ä–∞—ö–µ –Ω–∞ –≥—Ä–∞—ì–∞–Ω–∏—Ç–µ —Å–µ –¥–æ–±—Ä–æ –ø–æ–∑–Ω–∞—Ç–∏—Ç–µ –º–µ—Ç–æ–¥–∏ –Ω–∞ –ù–∏–∫–æ–ª–∞ –ì—Ä—É–µ–≤—Å–∫–∏, –∫–æ–∏ —Å–µ–≥–∞ –≥–∏ —Å–ø—Ä–æ–≤–µ–¥—É–≤–∞ –•—Ä–∏—Å—Ç–∏—ò–∞–Ω –ú–∏—Ü–∫–æ—Å–∫–∏.

–¢–æ–∞ –º–æ–∂–µ –¥–∞ –≥–æ —Å–ø—Ä–µ—á–∞—Ç –≥—Ä–∞—ì–∞–Ω–∏—Ç–µ –Ω–∞ –∏–∑–±–æ—Ä–∏—Ç–µ –Ω–∞ 24 –∞–ø—Ä–∏–ª –∞ –ø–æ—Ç–æ–∞ –∏ –Ω–∞ 8 –º–∏ –º–∞—ò.

–°–æ –≥–ª–∞—Å –∑–∞ –ö–æ–∞–ª–∏—Ü–∏—ò–∞—Ç–∞ –∑–∞ –µ–≤—Ä–æ–ø—Å–∫–∞ –∏–¥–Ω–∏–Ω–∞ –∏ –°—Ç–µ–≤–æ –ü–µ–Ω–¥–∞—Ä–æ–≤—Å–∫–∏ –≥—Ä–∞—ì–∞–Ω–∏—Ç–µ –≥–ª–∞—Å–∞–∞—Ç –∑–∞ —á–ª–µ–Ω—Å—Ç–≤–æ –≤–æ –ï–£, –∑–∞ —Å–ª–æ–±–æ–¥–∞, –¥–µ–º–æ–∫—Ä–∞—Ç–∏—ò–∞ –∏ –µ–≤—Ä–æ–ø—Å–∫–∏ –∂–∏–≤–æ—Ç–µ–Ω —Å—Ç–∞–Ω–¥–∞—Ä–¥."
7220380881416654,"–ó–∞ –ø–æ–≤–µ—ú–µ –∏–Ω—Ñ–æ—Ä–º–∞—Ü–∏–∏, —Å–ª–µ–¥–µ—Ç–µ –Ω—ê."
730989445873180,"–ü—Ä–µ—Ç—Å–µ–¥—Ç–∞–µ–ª–æ—Ç –Ω–∞ –°–æ—Ü–∏—ò–∞–ª–¥–µ–º–æ–∫—Ä–∞—Ç—Å–∫–∏–æ—Ç —Å–æ—ò—É–∑ –Ω–∞ –ú–∞–∫–µ–¥–æ–Ω–∏—ò–∞, –î–∏–º–∏—Ç–∞—Ä –ö–æ–≤–∞—á–µ–≤—Å–∫–∏, —É–ø–∞—Ç–∏ —á–µ—Å—Ç–∏—Ç–∫–∞ –¥–æ –≥—Ä–∞—ì–∞–Ω–∏—Ç–µ –æ–¥ –∏—Å–ª–∞–º—Å–∫–∞ –≤–µ—Ä–æ–∏—Å–ø–æ–≤–µ–¥ –ø–æ –ø–æ–≤–æ–¥ –≥–æ–ª–µ–º–∏–æ—Ç –≤–µ—Ä—Å–∫–∏ –ø—Ä–∞–∑–Ω–∏–∫ –†–∞–º–∞–∑–∞–Ω –ë–∞—ò—Ä–∞–º.

‚Äú–ù–∞ —Å–∏—Ç–µ –ø—Ä–∏–ø–∞–¥–Ω–∏—Ü–∏ –Ω–∞ –∏—Å–ª–∞–º—Å–∫–∞—Ç–∞ –≤–µ—Ä–æ–∏—Å–ø–æ–≤–µ–¥ –≤–æ –Ω–∞—à–∞—Ç–∞ –∑–µ–º—ò–∞, –∏–º –≥–æ —á–µ—Å—Ç–∏—Ç–∞–º –≥–æ–ª–µ–º–∏–æ—Ç –ø—Ä–∞–∑–Ω–∏–∫ –†–∞–º–∞–∑–∞–Ω –ë–∞—ò—Ä–∞–º.

–í–æ –æ–≤–∏–µ –ø—Ä–∞–∑–Ω–∏—á–Ω–∏ –¥–µ–Ω–æ–≤–∏, –≤–∏ –ø–æ—Å–∞–∫—É–≤–∞–º –∏—Å–∫—Ä–µ–Ω–∏ –∂–µ–ª–±–∏ –∑–∞ —Ä–∞–¥–æ—Å—Ç, —Å–ø–æ–∫–æ—ò, –±–ª–∞–≥–æ—Å–æ—Å—Ç–æ—ò–±–∞ –∏ –¥—É—Ö–æ–≤–Ω–∞ —Å–∏–ª–∞.

–†–∞–º–∞–∑–∞–Ω –ë–∞—ò—Ä–∞–º –µ –ø—Ä–∞–∑–Ω–∏–∫ –Ω–∞ –º–µ—ì—É—Å–µ–±–Ω–∞ –ø–æ—á–∏—Ç, —Å–æ–ª–∏–¥–∞—Ä–Ω–æ—Å—Ç –∏ —Ä–∞–∑–±–∏—Ä–∞—ö–µ.–¢–æ–∫–º—É –≤—Ä–∑ –æ–≤–∏–µ –≤—Ä–µ–¥–Ω–æ—Å—Ç–∏, –Ω–∏–µ –∑–∞–µ–¥–Ω–æ –≥–æ –≥—Ä–∞–¥–∏–º–µ –Ω–∞—à–µ—Ç–æ –æ–ø—à—Ç–µ—Å—Ç–≤–æ –∫–æ–µ –µ –µ–¥–Ω–∞–∫–≤–æ –∑–∞ —Å–∏—Ç–µ –∏ —Ç–æ–∫–º—É —Å–æ –æ–≤–∞–∞ –Ω–∞—à–∞ –ø–æ—Å–µ–±–Ω–æ—Å—Ç —ò–∞ –∏–Ω—Ç–µ–≥—Ä–∏—Ä–∞–º–µ –¥—Ä–∂–∞–≤–∞—Ç–∞ –≤–æ –≥–æ–ª–µ–º–æ—Ç–æ –µ–≤—Ä–æ–ø—Å–∫–æ —Å–µ–º–µ—ò—Å—Ç–≤–æ –Ω–∞ –Ω–∞—Ä–æ–¥–∏ –∏ –¥—Ä–∂–∞–≤–∏‚Äù"
812638754042699,"–ù–µ—Ä–≤–æ–∑–∞—Ç–∞ –≤–æ –±–µ–ª–∞—Ç–∞ –ø–∞–ª–∞—Ç–∞ —Å–µ –º–∞–Ω–∏—Ñ–µ—Å—Ç–∏—Ä–∞ —Å–æ –±—Ä—É—Ç–∞–ª–Ω–æ –∞–ø—Å–µ—ö–µ –Ω–æ–≤–∏–Ω–∞—Ä–∏ –∏ –æ–±–∏–¥ –∑–∞ –∑–∞–º–ª—á—É–≤–∞—ö–µ –∏ –∑–∞–ø–ª–∞—à—É–≤–∞—ö–µ, –∏—Å—Ç–æ –∫–∞–∫–æ –≤–æ –º—Ä–∞—á–Ω–æ—Ç–æ –≤—Ä–µ–º–µ –Ω–∞ —Ä–µ–∂–∏–º–æ—Ç –∏ –í–ú–†–û-–ú–í–†–û.

–ü—Ä–æ–ø–∞–≥–∞–Ω–¥–∞—Ç–∞, –∑–ª–æ—É–ø–æ—Ç—Ä–µ–±–∏—Ç–µ –Ω–∞ –º–µ–¥–∏—É–º–∏—Ç–µ, –ø–ª–∞—Å–∏—Ä–∞—ö–µ –ª–∞–∂–Ω–∏ –≤–µ—Å—Ç–∏ –∏ –Ω–∞—Ä–∞—á–∞–Ω–∏ –∞–Ω–∫–µ—Ç–∏ –∑–∞ –º–∞–Ω–∏–ø—É–ª–∏—Ä–∞—ö–µ –Ω–∞ –≥—Ä–∞—ì–∞–Ω–∏—Ç–µ —Å–µ –¥–æ–±—Ä–æ –ø–æ–∑–Ω–∞—Ç–∏—Ç–µ –º–µ—Ç–æ–¥–∏ –Ω–∞ –ù–∏–∫–æ–ª–∞ –ì—Ä—É–µ–≤—Å–∫–∏, –∫–æ–∏ —Å–µ–≥–∞ –≥–∏ —Å–ø—Ä–æ–≤–µ–¥—É–≤–∞ –•—Ä–∏—Å—Ç–∏—ò–∞–Ω –ú–∏—Ü–∫–æ—Å–∫–∏.

–¢–æ–∞ –º–æ–∂–µ –¥–∞ –≥–æ —Å–ø—Ä–µ—á–∞—Ç –≥—Ä–∞—ì–∞–Ω–∏—Ç–µ –Ω–∞ –∏–∑–±–æ—Ä–∏—Ç–µ –Ω–∞ 24 –∞–ø—Ä–∏–ª –∞ –ø–æ—Ç–æ–∞ –∏ –Ω–∞ 8 –º–∏ –º–∞—ò.

–°–æ –≥–ª–∞—Å –∑–∞ –ö–æ–∞–ª–∏—Ü–∏—ò–∞—Ç–∞ –∑–∞ –µ–≤—Ä–æ–ø—Å–∫–∞ –∏–¥–Ω–∏–Ω–∞ –∏ –°—Ç–µ–≤–æ –ü–µ–Ω–¥–∞—Ä–æ–≤—Å–∫–∏ –≥—Ä–∞—ì–∞–Ω–∏—Ç–µ –≥–ª–∞—Å–∞–∞—Ç –∑–∞ —á–ª–µ–Ω—Å—Ç–≤–æ –≤–æ –ï–£, –∑–∞ —Å–ª–æ–±–æ–¥–∞, –¥–µ–º–æ–∫—Ä–∞—Ç–∏—ò–∞ –∏ –µ–≤—Ä–æ–ø—Å–∫–∏ –∂–∏–≤–æ—Ç–µ–Ω —Å—Ç–∞–Ω–¥–∞—Ä–¥."
936681558248850,"üá≤üá∞üá™üá∫ –ù–µ–º–∞ –æ—Ç–∫–∞–∂—É–≤–∞—ö–µ –æ–¥ –µ–≤—Ä–æ–ø—Å–∫–∞—Ç–∞ –∏–¥–Ω–∏–Ω–∞, –∏–º–∞–º–µ –≤–∏–∑–∏—ò–∞ –∏ —ò–∞—Å–µ–Ω –ø–ª–∞–Ω –∑–∞ #–ú–∞–∫–µ–¥–æ–Ω–∏—ò–∞ - –∑–µ–º—ò–∞ —á–ª–µ–Ω–∫–∞ –Ω–∞ –ï–£.

–ù–∏–µ –∏–º–∞–º–µ –∫–æ–Ω–∫—Ä–µ—Ç–µ–Ω –ø–ª–∞–Ω, –∏–º–∞–º–µ –≤–æ–ª—ò–∞ –∏ –∑–Ω–∞–µ—ö–µ, –∑–∞–µ–¥–Ω–æ —Å–æ #–ù–∞—à–∏–æ—Ç–ü—Ä–µ—Ç—Å–µ–¥–∞—Ç–µ–ª –°—Ç–µ–≤–æ –ü–µ–Ω–¥–∞—Ä–æ–≤—Å–∫–∏, –∑–∞–µ–¥–Ω–æ —Å–æ –ö–æ–∞–ª–∏—Ü–∏—ò–∞—Ç–∞ –∑–∞ –µ–≤—Ä–æ–ø—Å–∫–∞ –∏–¥–Ω–∏–Ω–∞, –∫–∞–∫–æ –¥–∞ —ò–∞ –≤–Ω–µ—Å–µ–º–µ –¥—Ä–∂–∞–≤–∞—Ç–∞ –≤–æ –ï–£ –¥–æ 2030 –≥–æ–¥–∏–Ω–∞.

–à–∞—Å –∏ #–°—Ç–µ–≤–æ –¥–æ–∫–∞–∂–∞–≤–º–µ –¥–µ–∫–∞ –º–µ—Å—Ç–æ—Ç–æ –∫–∞–¥–µ –Ω–∏–µ –¥–≤–∞—ò—Ü–∞ –∑–∞–µ–¥–Ω–æ —Å–æ —Å–∏—Ç–µ –≤–∞—Å –≥—Ä–∞—ì–∞–Ω–∏—Ç–µ —ú–µ —ò–∞ –æ–¥–Ω–µ—Å–µ–º–µ —Ü–µ–ª–∞—Ç–∞ –¥—Ä–∂–∞–≤–∞ –µ –ë—Ä–∏—Å–µ–ª –∏ –ï–£. –ò –∞–∫–æ —Å–∞–∫–∞–∞—Ç –æ–≤–∏–µ –∫–æ–∏ —ú–µ –∏–∑–≥—É–±–∞—Ç –Ω–∞ 8 –º–∞—ò –¥–∞ –Ω–∏ —Å–µ –ø—Ä–∏–∫–ª—É—á–∞—Ç, –≤—Ä–∞—Ç–∞—Ç–∞ –µ —à–∏—Ä—É–º –æ—Ç–≤–æ—Ä–µ–Ω–∞ –∑–∞ —Å–∏—Ç–µ.

üìç –ü—Ä–µ—Ç—Å–µ–¥–∞—Ç–µ–ª–æ—Ç –Ω–∞ –°–î–°–ú, –î–∏–º–∏—Ç–∞—Ä –ö–æ–≤–∞—á–µ–≤—Å–∫–∏ –Ω–∞ –≥—Ä–∞—ì–∞–Ω—Å–∫–∏–æ—Ç —Å–æ–±–∏—Ä –≤–æ #–ê–µ—Ä–æ–¥—Ä–æ–º."
442484941777069,"–ê–µ—Ä–æ–¥—Ä–æ–º –≤–µ—á–µ—Ä–≤–∞ –º–∞—Å–æ–≤–Ω–æ —ò–∞ –∏–∑—Ä–∞–∑–∏ —Å–≤–æ—ò–∞—Ç–∞ –ø–æ–¥–¥—Ä—à–∫–∞ –Ω–∞ –Ω–∞—à–∏–æ—Ç –ø—Ä–µ—Ç—Å–µ–¥–∞—Ç–µ–ª –°—Ç–µ–≤–æ –ü–µ–Ω–¥–∞—Ä–æ–≤—Å–∫–∏.

‚Äû–î–æ—Å–µ–≥–∞ —Ä–∞–±–æ—Ç–µ–≤ —Ç—Ä–∞–Ω—Å–ø–∞—Ä–µ–Ω—Ç–Ω–æ –ø—Ä–µ–¥ –º–∞–∫–µ–¥–æ–Ω—Å–∫–∞—Ç–∞ —ò–∞–≤–Ω–æ—Å—Ç. –î–µ–∫–∞ –º–æ—ò–∞—Ç–∞ –ø—Ä–æ–≥—Ä–∞–º–∞ –µ –ø–æ–¥–æ–±—Ä–∞ –ø–æ–∫–∞–∂–∞–≤ –≤–æ 2019-—Ç–∞ –≥–æ–¥–∏–Ω–∞, –∫–æ–≥–∞ –≥–∏ –¥–æ–±–∏–≤ –∏–∑–±–æ—Ä–∏—Ç–µ. –°–µ–≥–∞ –ø–æ—Å—Ç–æ–∏ –¥—Ä—É–≥–∞ —Ä–∞–∑–ª–∏–∫–∞ –º–µ—ì—É –º–æ—ò–∞—Ç–∞ –ø—Ä–æ–≥—Ä–∞–º–∞ –∏ –Ω–µ—ò–∑–∏–Ω–∞—Ç–∞. –ú–æ—ò–∞—Ç–∞ –µ –≤–∏–¥–ª–∏–≤–∞, –Ω–µ—ò–∑–∏–Ω–∞—Ç–∞ –∏ –Ω–∏–≤–Ω–∞—Ç–∞ –µ –Ω–µ–≤–∏–¥–ª–∏–≤–∞, –∏–ª—É–∑–∏—ò–∞ –µ‚Äù –ø–æ—Ä–∞—á–∞ –ø—Ä–µ—Ç—Å–µ–¥–∞—Ç–µ–ª–æ—Ç –°—Ç–µ–≤–æ –ü–µ–Ω–¥–∞—Ä–æ–≤—Å–∫–∏ –≤–µ—á–µ—Ä–≤–∞ –≤–æ –ê–µ—Ä–æ–¥—Ä–æ–º.

–ó–∞—Ç–æ–∞ –¥–∞ —Å–µ —Å–ø–ª–æ—Ç–∏–º–µ –∏ –∑–∞–æ–∫—Ä—É–∂—É–≤–∞—ò—ú–∏ –±—Ä–æ—ò 1, –∑–∞–µ–¥–Ω–æ –¥–∞ –ø—Ä–æ–¥–æ–ª–∂–∏–º–µ –Ω–∞–ø—Ä–µ–¥!

#–ù–∞—à–∏–æ—Ç–ü—Ä–µ—Ç—Å–µ–¥–∞—Ç–µ–ª #–°—Ç–µ–≤–æ"
942824157566893,"‚úÖ–ò –ø–æ–ø–ª–∞–¥–Ω–µ–≤–æ –ø—Ä–æ–¥–æ–ª–∂–∏—ò–∞ —Å—Ä–µ–¥–±–∏—Ç–µ —Å–æ –≥—Ä–∞—ì–∞–Ω–∏—Ç–µ –Ω–∞ –ê–µ—Ä–æ–¥—Ä–æ–º. –°–æ–≤–µ—Ç–Ω–∏—á–∫–∞—Ç–∞ –Ω–∞ –ì—Ä–∞–¥ –°–∫–æ–ø—ò–µ, –â—É–±–∏—Ü–∞ –à–∞–Ω—á–µ–≤–∞, –∏–º —ò–∞ –ø–æ–¥–µ–ª–∏ –ø—Ä–æ–≥—Ä–∞–º–∞—Ç–∞ –Ω–∞ –∞–µ—Ä–æ–¥—Ä–æ–º—Ü–∏ –∏ –∏–º –ø–æ—Ä–∞—á–∞:
üó£ –°—Ç–µ–≤–æ –ü–µ–Ω–¥–∞—Ä–æ–≤—Å–∫–∏ –µ –Ω–∞—à–∏–æ—Ç –µ–≤—Ä–æ–ø—Å–∫–∏ –ø—Ä–µ—Ç—Å–µ–¥–∞—Ç–µ–ª! 
‚ÄºÔ∏è –î–∞ –≥–æ –ø–æ–¥–¥—Ä–∂–∏–º–µ —Å–æ –Ω–∞—à–µ—Ç–æ –ø—Ä–∏—Å—É—Å—Ç–≤–æ –Ω–∞ –≥–æ–ª–µ–º–∏–æ—Ç –≥—Ä–∞—ì–∞–Ω—Å–∫–∏ –º–∏—Ç–∏–Ω–≥ –≤ –ø–æ–Ω–µ–¥–µ–ª–Ω–∏–∫, 8 –∞–ø—Ä–∏–ª, –≤–æ 20 —á. –≤–æ –ø–∞—Ä–∫–æ—Ç –∫–∞—ò —Å–ø–æ–º–µ–Ω–∏–∫–æ—Ç –Ω–∞ –à–∞–Ω–µ –°–∞–Ω–¥–∞–Ω—Å–∫–∏. 
‚ÄºÔ∏è –ù–∞ 24 –∞–ø—Ä–∏–ª –¥–∞ –≥–ª–∞—Å–∞–º–µ –∑–∞ –±—Ä–æ—ò–æ—Ç  1Ô∏è‚É£"
796401479033842,"–ì–æ–ª–µ–º –≥—Ä–∞—ì–∞–Ω—Å–∫–∏ –º–∏—Ç–∏–Ω–≥ –≤–æ –ê–µ—Ä–æ–¥—Ä–æ–º
–ü–æ–Ω–µ–¥–µ–ª–Ω–∏–∫ (8.4.2024 –≥.), –≤–æ 20:00 —á–∞—Å–æ—Ç.
–ü–∞—Ä–∫ ‚Äû–à–∞–Ω–µ –°–∞–Ω–¥–∞–Ω—Å–∫–∏‚Äú
–°–µ –≥–ª–µ–¥–∞–º–µ!"
974847184092355,"‚úÖ –ü—Ä–µ—Ç—Å–µ–¥–∞—Ç–µ–ª–∫–∞—Ç–∞ –Ω–∞ –°–î–°–ú –ê–µ—Ä–æ–¥—Ä–æ–º, –î–∞–Ω–∏–µ–ª–∞ –ù–∏–∫–æ–ª–æ–≤–∞, –∑–∞–µ–¥–Ω–æ —Å–æ –º–ª–∞–¥–∏—Ç–µ, –≥–æ –∏—Å–∫–æ—Ä–∏—Å—Ç–∏ —É–±–∞–≤–æ—Ç–æ –Ω–µ–¥–µ–ª–Ω–æ –ø—Ä–µ—Ç–ø–ª–∞–¥–Ω–µ –∏ –∏–º —ò–∞ –ø—Ä–µ—Ç—Å—Ç–∞–≤–∏ –ø—Ä–æ–≥—Ä–∞–º–∞—Ç–∞ –Ω–∞ –Ω–∞—à–∏–æ—Ç –ø—Ä–µ—Ç—Å–µ–¥–∞—Ç–µ–ª –°—Ç–µ–≤–æ –ü–µ–Ω–¥–∞—Ä–æ–≤—Å–∫–∏ –Ω–∞ –∞–µ—Ä–æ–¥—Ä–æ–º—Ü–∏ –ø–æ –∫–µ—ò–æ—Ç –Ω–∞ —Ä–µ–∫–∞—Ç–∞ –í–∞—Ä–¥–∞—Ä. 
‚ÄºÔ∏è –í–æ–µ–¥–Ω–æ –≥–∏ –ø–æ–∫–∞–Ω–∏—ò–∞ –≥—Ä–∞—ì–∞–Ω–∏—Ç–µ –Ω–∞ –≥–æ–ª–µ–º–∏–æ—Ç –≥—Ä–∞—ì–∞–Ω—Å–∫–∏ –º–∏—Ç–∏–Ω–≥ –≤ –ø–æ–Ω–µ–¥–µ–ª–Ω–∏–∫, 8 –∞–ø—Ä–∏–ª, –≤–æ 20 —á. –≤–æ –ø–∞—Ä–∫–æ—Ç –∫–∞—ò —Å–ø–æ–º–µ–Ω–∏–∫–æ—Ç –Ω–∞ –à–∞–Ω–µ –°–∞–Ω–¥–∞–Ω—Å–∫–∏, –¥–∞ –±–∏–¥–∞—Ç –¥–µ–ª –æ–¥ –ø–æ–±–µ–¥–Ω–∏—á–∫–∏–æ—Ç –∫–∞—Ä–≤–∞–Ω –Ω–∞ –°—Ç–µ–≤–æ –ü–µ–Ω–¥–∞—Ä–æ–≤—Å–∫–∏. 
 üëä–ó–∞ #–ù–∞—à–∏–æ—Ç –ø—Ä–µ—Ç—Å–µ–¥–∞—Ç–µ–ª –°—Ç–µ–≤–æ!
üëç–ù–µ —Å–µ –æ—Ç–∫–∞–∂—É–≤–∞–º–µ –æ–¥ –∏–¥–Ω–∏–Ω–∞—Ç–∞!"
393434320275374,"–ó–∞ –ø–æ–≤–µ—ú–µ –∏–Ω—Ñ–æ—Ä–º–∞—Ü–∏–∏, —Å–ª–µ–¥–µ—Ç–µ –Ω—ê."
1168755624286124,"‚úÖ Ô∏è–í–µ—á–µ—Ä–≤–∞ —Å–æ –ø—Ä–µ—Ç—Å–µ–¥–∞—Ç–µ–ª–æ—Ç –î–∏–º–∏—Ç–∞—Ä –ö–æ–≤–∞—á–µ–≤—Å–∫–∏ –∏ —Å–æ –ê–Ω–¥—Ä–µ—ò –ü–µ—Ç—Ä–æ–≤ —Ä–∞–∑–≥–æ–≤–∞—Ä–∞–≤–º–µ –∑–∞ –Ω–æ–≤–∞—Ç–∞ –ø—Ä–æ–≥—Ä–∞–º–∞ –Ω–∞ –°–î–°–ú, –∑–∞ —É—à—Ç–µ –ø–æ–≥–æ–ª–µ–º–∏ –ø–ª–∞—Ç–∏ –∏ –ø–µ–Ω–∑–∏–∏, –ø–æ–≤–µ—ú–µ –∏–Ω–≤–µ—Å—Ç–∏—Ü–∏–∏, –ø–æ–≤–µ—ú–µ –∏ –ø–æ–¥–æ–±—Ä–∏ —Ä–∞–±–æ—Ç–Ω–∏ –º–µ—Å—Ç–∞, —Ä–∞–∑–≤–∏–µ–Ω–∞ –µ–∫–æ–Ω–æ–º–∏—ò–∞ –ø–æ –µ–≤—Ä–æ–ø—Å–∫–∏ —Å—Ç–∞–Ω–¥–∞—Ä–¥–∏.
 ‚úÖ Ô∏è–ò—Å—Ç–∞—Ç–∞ –≤–∏–∑–∏—ò–∞ —ò–∞ –¥–µ–ª–∏ –∏ #–Ω–∞—à–∏–æ—Ç –ø—Ä–µ—Ç—Å–µ–¥–∞—Ç–µ–ª –°—Ç–µ–≤–æ –ü–µ–Ω–¥–∞—Ä–æ–≤—Å–∫–∏, —Å–æ –∫–æ–≥–æ –∑–∞–µ–¥–Ω–æ —ú–µ —ò–∞ –ø–æ—Å—Ç–∏–≥–Ω–µ–º–µ —Ü–µ–ª—Ç–∞ - –ú–∞–∫–µ–¥–æ–Ω–∏—ò–∞ —á–ª–µ–Ω–∫–∞ –Ω–∞ –ï–£!

 üëä –ù–µ —Å–µ –æ—Ç–∫–∞–∂—É–≤–∞–º–µ –æ–¥ –∏–¥–Ω–∏–Ω–∞—Ç–∞!"
934054438169865,"–°–∫–∞–Ω–¥–∞–ª–æ—Ç —Å–æ –ª–∞–∂–Ω–∏—Ç–µ –∞–Ω–∫–µ—Ç–∏ –∏ –¥–æ–∫—É–º–µ–Ω—Ç–∏—Ç–µ –æ–¥ –æ–ø–µ—Ä–∞—Ç–∏–≤–Ω–∏–æ—Ç –ø–ª–∞–Ω –Ω–∞ –î–ü–ú–ù–ï –æ—Ç–≤–æ—Ä–∞–∞—Ç —É—à—Ç–µ –µ–¥–µ–Ω –∞—Å–ø–µ–∫—Ç, –¥–∏—Ä–µ–∫—Ç–Ω–æ –ø–æ–≤—Ä–∑–∞–Ω —Å–æ –∏–∑–±–æ—Ä–Ω–∏–æ—Ç –ø—Ä–æ—Ü–µ—Å.

–ü—Ä–µ—Ç—Å–µ–¥–∞—Ç–µ–ª–æ—Ç –Ω–∞ –î–ò–ö, –ê–ª–µ–∫—Å–∞–Ω–¥–∞—Ä –î–∞—à—Ç–µ–≤—Å–∫–∏ –µ –Ω–∞–≤–µ–¥–µ–Ω –∫–∞–∫–æ –∑–∞–¥–æ–ª–∂–µ–Ω–æ –ª–∏—Ü–µ, –∑–∞–µ–¥–Ω–æ —Å–æ –¥—Ä—É–≥–∏ –ª–∏—Ü–∞, –∑–∞ –Ω–µ–æ–ø—Ä–µ–¥–µ–ª–µ–Ω–∏ –≥–ª–∞—Å–∞—á–∏, –æ–±–µ–∑–±–µ–¥—É–≤–∞—ö–µ –∏–∑–±–∏—Ä–∞—á–∫–∏ —Å–ø–∏—Å–æ–∫.

–°–æ–≥–ª–∞—Å–Ω–æ —Å–∏—Ç–µ –∑–∞–∫–æ–Ω—Å–∫–∏ –ø—Ä–æ–ø–∏—Å–∏, –ø—Ä–µ—Ç—Å–µ–¥–∞—Ç–µ–ª –Ω–∞ –î–ò–ö –Ω–µ –º–æ–∂–µ –∏ –Ω–µ —Å–º–µ–µ –¥–∞ —É—á–µ—Å—Ç–≤—É–≤–∞ –≤–æ –ø–∞—Ä—Ç–∏—Å–∫–∏ –∞–∫—Ç–∏–≤–Ω–æ—Å—Ç–∏, –∞ –Ω–∏–∫–∞–∫–æ –Ω–µ–º–∞ –ø—Ä–∞–≤–æ –¥–∞ —Å–µ –º–µ—à–∞ –≤–æ –ø—Ä–µ–¥–∏–∑–±–æ—Ä–Ω–∏ –∞–∫—Ç–∏–≤–Ω–æ—Å—Ç–∏ –Ω–∞ –±–∏–ª–æ –∫–æ—ò–∞ –ø–∞—Ä—Ç–∏—ò–∞.

–û–≤–∞ –µ –æ—Å–Ω–æ–≤–∞–Ω–æ —Å–æ–º–Ω–µ–≤–∞—ö–µ –∏ –∑–∞ –∫—Ä–∏–≤–∏—á–Ω–æ –¥–µ–ª–æ."
1341461227244721,"–û—Ç–∫–∞–∫–æ –≥–∏ –∏–∑–Ω–µ–≤–µ—Ä–∏—ò–∞ –≥—Ä–∞—ì–∞–Ω–∏—Ç–µ –Ω–∞ –°–∫–æ–ø—ò–µ, —Å–æ —Å–∏—Ç–µ –Ω–µ—Ä–µ–∞–ª–∏–∑–∏—Ä–∞–Ω–∏ –∏–∑–±–æ—Ä–Ω–∏ –≤–µ—Ç—É–≤–∞—ö–∞ –î–ü–ú–ù–ï –∏–∑–ª–µ–∑–µ —Å–æ –Ω–æ–≤–∏ –ª–∞–∂–Ω–∏ –≤–µ—Ç—É–≤–∞—ö–∞. –ü—Ä–æ–º–æ–≤–∏—Ä–∞–Ω–∞—Ç–∞ –ü–ª–∞—Ç—Ñ–æ—Ä–º–∞ 1198 –æ–¥ –º–∏–Ω–∞—Ç–∏–æ—Ç –≤–µ–∫ –Ω–∞ –î–ü–ú–ù–ï –µ —Ç–æ–∫–º—É —Ç–æ–∞.

–î–ü–ú–ù–ï –≤–µ—Ç—É–≤–∞—à–µ –±–µ—Å–ø–ª–∞—Ç–µ–Ω —ò–∞–≤–µ–Ω –ø—Ä–µ–≤–æ–∑, 250 –µ–∫–æ –∞–≤—Ç–æ–±—É—Å–∏, –º–µ–≥–∞ –ø–∞—Ä–∫–æ–≤–∏, –∫–∞–ø–∏—Ç–∞–ª–Ω–∏ –ø—Ä–æ–µ–∫—Ç–∏, —Å–ø–æ—Ä—Ç—Å–∫–∏ —Å–∞–ª–∏, –ø–∞—Ä–∫–æ–≤–∏. –ù–∏—à—Ç–æ –æ–¥ –≤–µ—Ç–µ–Ω–æ—Ç–æ –Ω–µ –µ —Ä–µ–∞–ª–∏–∑–∏—Ä–∞–Ω–æ.

–°–∫–æ–ø—ò–µ –¥–µ–Ω–µ—Å–∫–∞ –µ –∑–∞–ø—É—Å—Ç–µ–Ω –≥—Ä–∞–¥, –ø–æ–ª–Ω —Å–æ –Ω–µ—á–∏—Å—Ç–æ—Ç–∏—ò–∞, —Å–æ —Ö–∞–æ—Å –≤–æ —ò–∞–≤–Ω–∏–æ—Ç –ø—Ä–µ–≤–æ–∑, —Å–æ —ò–∞–≤–Ω–∏ –ø—Ä–µ—Ç–ø—Ä–∏—ò–∞—Ç–∏—ò–∞ –≤–æ –¥–æ–ª–≥–æ–≤–∏. –°–µ –ø–æ—Ç–≤—Ä–¥–∏ –¥–µ–∫–∞ –î–ü–ú–ù–ï –Ω–µ–º–∞ –ø–ª–∞–Ω –∑–∞ –∏–¥–Ω–∏–Ω–∞—Ç–∞ –∏ –¥–µ–∫–∞ –æ–≤–∞–∞ –ø–∞—Ä—Ç–∏—ò–∞ –Ω–µ –º–æ–∂–µ –¥–∞ –¥–æ–Ω–µ—Å–µ –Ω–∏–∫–∞–∫–≤–∞ –ø—Ä–æ–º–µ–Ω–∞."
430383032863626,"–ì—Ä–∞–¥–æ–Ω–∞—á–∞–ª–Ω–∏–∫–æ—Ç –¢–∏–º—á–æ –ú—É—Ü—É–Ω—Å–∫–∏ —ò–∞ –ø—Ä–µ—Å–ø–∞ —Ü–µ–ª–∞ 2023 –≥–æ–¥–∏–Ω–∞. –û–≤–∞ —Å–µ –≥–ª–µ–¥–∞ –∏ –≤–æ –∑–∞–≤—Ä—à–Ω–∞—Ç–∞ —Å–º–µ—Ç–∫–∞ –∏ –≥–æ–¥–∏—à–Ω–∏–æ—Ç –∏–∑–≤–µ—à—Ç–∞—ò –Ω–∞ –û–ø—à—Ç–∏–Ω–∞ #–ê–µ—Ä–æ–¥—Ä–æ–º —É—Å–≤–æ–µ–Ω–∏ –Ω–∞ –ø–æ—Å–ª–µ–¥–Ω–∞—Ç–∞ —Å–µ–¥–Ω–∏—Ü–∞ –Ω–∞ –æ–ø—à—Ç–∏–Ω—Å–∫–∏–æ—Ç –°–æ–≤–µ—Ç.

–°–æ–≥–ª–∞—Å–Ω–æ –æ–≤–∏–µ –æ—Ñ–∏—Ü–∏—ò–∞–ª–Ω–∏ –¥–æ–∫—É–º–µ–Ω—Ç–∏ –û–ø—à—Ç–∏–Ω–∞ –ê–µ—Ä–æ–¥—Ä–æ–º –º–∏–Ω–∞—Ç–∞—Ç–∞ –≥–æ–¥–∏–Ω–∞ —ò–∞ –∑–∞–≤—Ä—à–∏ —Å–æ —Ä–µ–∞–ª–∏–∑–∞—Ü–∏—ò–∞ –Ω–∞ —Å–∞–º–æ 66% –æ–¥ –ø–ª–∞–Ω–∏—Ä–∞–Ω–∏—Ç–µ –¥–∞–Ω–æ—á–Ω–∏ –ø—Ä–∏—Ö–æ–¥–∏ –Ω–∞ –æ—Å–Ω–æ–≤–Ω–∏–æ—Ç –ë—É—ü–µ—Ç. –°–æ –¥—Ä—É–≥–∏ –∑–±–æ—Ä–æ–≤–∏ –±–∏–ª–µ —Ä–µ–∞–ª–∏–∑–∏—Ä–∞–Ω–∏ 264,8 –æ–¥ –ø–ª–∞–Ω–∏—Ä–∞–Ω–∏—Ç–µ 397,8 –º–∏–ª–∏–æ–Ω–∏ –¥–µ–Ω–∞—Ä–∏. –û–¥ –æ–≤–∞ —Å–µ –≥–ª–µ–¥–∞ –¥–µ–∫–∞ –ø—Ä–∏–±–∏—Ä–∞—ö–µ—Ç–æ –Ω–∞ –±—É—ü–µ—Ç—Å–∫–∏—Ç–µ –ø—Ä–∏—Ö–æ–¥–∏ –Ω–∞ –û–ø—à—Ç–∏–Ω–∞ –ê–µ—Ä–æ–¥—Ä–æ–º –ª–∞–Ω–∏ —ù –æ–¥–µ–ª–æ –∏—Å–∫–ª—É—á–∏—Ç–µ–ª–Ω–æ –ª–æ—à–æ. –¢–æ–∞ –≥–æ –¥–æ–≤–µ–¥–µ –≤–æ –ø—Ä–∞—à–∞—ö–µ –Ω–æ—Ä–º–∞–ª–Ω–æ—Ç–æ —Ñ—É–Ω–∫—Ü–∏–æ–Ω–∏—Ä–∞—ö–µ –Ω–∞ –æ–ø—à—Ç–∏–Ω–∞—Ç–∞ –∏ —Ñ–∏–Ω–∞–Ω—Å–∏—Ä–∞—ö–µ—Ç–æ –Ω–∞ —Ä–µ–¥–æ–≤–Ω–∏—Ç–µ –æ–±–≤—Ä—Å–∫–∏.

–¢–æ–∞ –æ–±—ò–∞—Å–Ω—É–≤–∞ –∑–æ—à—Ç–æ –Ω–∞ –∫—Ä–∞—ò–æ—Ç –Ω–∞ –≥–æ–¥–∏–Ω–∞—Ç–∞ –Ω–∞ —à–≤–µ—Ä—Ü–µ—Ä—Å–∫–∏ –Ω–∞—á–∏–Ω, —Å–æ –æ–¥–ª—É–∫–∞ –Ω–∞ –°–æ–≤–µ—Ç —Å–ø–æ–Ω–∑–æ—Ä—Å—Ç–≤–æ—Ç–æ –∑–∞ –ö–ö #–ú–ó–¢ –±–µ—à–µ –Ω–∞–º–∞–ª–µ–Ω–æ –æ–¥ 24 –Ω–∞ 19,7 –º–∏–ª–∏–æ–Ω–∏ –¥–µ–Ω–∞—Ä–∏. –ú–µ—ì—É –¥—Ä—É–≥–æ—Ç–æ, —Ç–æ–∞ –µ –ø—Ä–∏—á–∏–Ω–∞ –∑–∞ –¥–æ—Ü–Ω–µ—ö–µ—Ç–æ –Ω–∞ –ø–ª–∞—Ç–∏—Ç–µ –Ω–∞ –∏–≥—Ä–∞—á–∏—Ç–µ –∏ –≤—Ä–∞–±–æ—Ç–µ–Ω–∏—Ç–µ –≤–æ –∫–æ—à–∞—Ä–∫–∞—Ä—Å–∫–∏–æ—Ç –∫–ª—É–±. 

–¢–æ–∞ –≥–∏ –æ–±—ò–∞—Å–Ω—É–≤–∞ –∏ –æ–≥—Ä–æ–º–Ω–∏—Ç–µ –∫—Ä–∞—Ç–µ—ö–∞ –≤–æ –ø–æ–¥–¥—Ä—à–∫–∞—Ç–∞ –Ω–∞ –∫—É–ª—Ç—É—Ä–∞—Ç–∞, —Å–ø–æ—Ä—Ç–æ—Ç –∏ –Ω–µ–≤–ª–∞–¥–∏–Ω–∏–æ—Ç —Å–µ–∫—Ç–æ—Ä. –ù–∞ –∏—Å—Ç–∏–æ—Ç —à–≤–µ—Ä—Ü–µ—Ä—Å–∫–∏ –Ω–∞—á–∏–Ω, –º–Ω–æ–∑–∏–Ω—Å—Ç–≤–æ—Ç–æ –Ω–∞ –í–ú–†–û-–î–ü–ú–ù–ï –Ω–∞ –∫—Ä–∞—ò–æ—Ç –Ω–∞ –º–∏–Ω–∞—Ç–∞—Ç–∞ –≥–æ–¥–∏–Ω–∞ –æ–¥–ª—É—á–∏ –∏—Å–ø–ª–∞—Ç–∏—Ç–µ –æ–¥ —ò–∞–≤–Ω–∏—Ç–µ –ø–æ–≤–∏—Ü–∏ –∑–∞ –ø–æ–¥—Ä—à–∫–∞ –Ω–∞ —Å–ø–æ—Ä—Ç–æ—Ç –∏ –∫—É–ª—Ç—É—Ä–∞—Ç–∞ –¥–∞ –≥–∏ –ø—Ä–æ–¥–æ–ª–∂–∏ –∏ –≥–æ–¥–∏–Ω–∞–≤–∞, –æ–¥ –Ω–æ–≤–∏–æ—Ç –±—É—ü–µ—Ç.

–ì–æ –ø–æ–≤–∏–∫—É–≤–∞–º–µ –≥—Ä–∞–¥–æ–Ω–∞—á–∞–ª–Ω–∏–∫–æ—Ç #–ú—É—Ü—É–Ω—Å–∫–∏ –¥–∞ —Å–µ —Ä–∞–∑–±—É–¥–∏ –æ–¥ –∑–∏–º—Å–∫–∏–æ—Ç —Å–æ–Ω –∏ –∫–æ–Ω–µ—á–Ω–æ –¥–∞ –ø–æ—á–Ω–µ –¥–∞ —Ä–∞–±–æ—Ç–∏.

–ì—Ä–∞—ì–∞–Ω–∏—Ç–µ —Å–æ –ø—Ä–∞–≤–æ –ø—Ä–∞—à—É–≤–∞–∞—Ç, –∏–º–∞ –ª–∏ –ê–µ—Ä–æ–¥—Ä–æ–º –≥—Ä–∞–¥–æ–Ω–∞—á–∞–ª–Ω–∏–∫?"
378972984946310,
2050115068695185,"–ñ–∏—Ç–µ–ª–∏—Ç–µ –Ω–∞ –∑–≥—Ä–∞–¥–∏—Ç–µ —Å–æ –±—Ä–æ—ò 61, 63 –∏ 65 –Ω–∞ –±—É–ª. –à–∞–Ω–µ –°–∞–Ω–¥–∞–Ω—Å–∫–∏ –ø—Ä–∞—à—É–≤–∞–∞—Ç –¥–∞–ª–∏ –û–ø—à—Ç–∏–Ω–∞ –ê–µ—Ä–æ–¥—Ä–æ–º –ø–ª–∞–Ω–∏—Ä–∞ –¥–∞ –≥–∏ —Ä–µ–∫–æ–Ω—Å—Ç—Ä—É–∏—Ä–∞ –∏ –ø–µ—à–∞—á–∫–∏—Ç–µ –ø–∞—Ç–µ–∫–∏ –∫–æ–∏ –≥–∏ –ø–æ–≤—Ä–∑—É–≤–∞–∞—Ç –æ–≤–∏–µ –∑–≥—Ä–∞–¥–∏, –∏–º–∞—ò—ú–∏ –≤–æ –ø—Ä–µ–¥–≤–∏–¥ –¥–µ–∫–∞ –∑–∞ –≥–æ–¥–∏–Ω–∞–≤–∞ —Å–µ –ø–ª–∞–Ω–∏—Ä–∞ –∏ –ø–æ—á–µ—Ç–æ–∫–æ—Ç –Ω–∞ –¥–æ–ª–≥–æ–Ω–∞—ò–∞–≤—É–≤–∞–Ω–∞—Ç–∞ —Ä–µ–∫–æ–Ω—Å—Ç—Ä—É–∫—Ü–∏—ò–∞ –Ω–∞ –ø–ª–∞—Ç–æ—Ç–æ –ø–æ–∑–∞–¥–∏ –¢–¶ –ö–∞–ø–∏—Ç–æ–ª, –∫–æ–µ —Å–µ –Ω–∞–æ—ì–∞ –≤–æ –Ω–µ–ø–æ—Å—Ä–µ–¥–Ω–∞ –±–ª–∏–∑–∏–Ω–∞ –Ω–∞ –æ–≤–∏–µ –∑–≥—Ä–∞–¥–∏? –û–≤–∏–µ –ø–∞—Ç–µ–∫–∏ —Å–µ–≥–∞ —Å–µ –≤–æ –ª–æ—à–∞ —Å–æ—Å—Ç–æ—ò–±–∞, —à—Ç–æ –Ω–∞—ò–º–Ω–æ–≥—É —Å–µ –≥–ª–µ–¥–∞ –≤–æ –¥–µ–Ω–æ–≤–∏—Ç–µ —Å–æ –æ–±–∏–ª–Ω–∏ –≤—Ä–Ω–µ–∂–∏, –∫–æ–≥–∞ —Ç–∏–µ –∑–∞—Ä–∞–¥–∏ –Ω–∞—Å–æ–±—Ä–∞–Ω–∞—Ç–∞ –≤–æ–¥–∞ –∏–º–∞–∞—Ç –ø—Ä–æ–±–ª–µ–º –¥–∞ —Å—Ç–∏–≥–Ω–∞—Ç –¥–æ –≤–ª–µ–∑–æ–≤–∏—Ç–µ –Ω–∞ —Å–≤–æ–∏—Ç–µ –∑–≥—Ä–∞–¥–∏. 

–í–æ–µ–¥–Ω–æ –ø–æ—Ç—Å–µ—Ç—É–≤–∞–º –∏ –Ω–∞ –Ω–µ–æ–¥–≥–æ–≤–æ—Ä–µ–Ω–∏—Ç–µ –ø—Ä–∞—à–∞—ö–∞ –∑–∞ –î–£–ü-–æ—Ç –∑–∞ –Ω–∞—Å–µ–ª–±–∞ –ª–∏—Å–∏—á–µ –∏ –¥–∏–≤–æ–≥—Ä–∞–¥–±–∞—Ç–∞ –Ω–∞ —É–ª. –í–µ–Ω—ò–∞–º–∏–Ω –ú–∞—á—É–∫–æ–≤—Å–∫–∏ –≤–æ –ú–∏—á—É—Ä–∏–Ω. –ù–µ–æ–¥–≥–æ–≤–∞—Ä–∞—ö–µ—Ç–æ –Ω–∞ –æ–≤–∏–µ –ø—Ä–∞—à–∞—ö–∞ –≥–æ–≤–æ—Ä–∏ –∑–∞ –∏–≥–Ω–æ—Ä–∞–Ω—Ç—Å–∫–∏–æ—Ç –æ–¥–Ω–æ—Å –∫–æ—ò –í–ú–†–û-–î–ü–ú–ù–ï –≥–æ –∏–º–∞ –≤–æ –æ–¥–Ω–æ—Å –Ω–∞ –æ–≤–∏–µ –≥–æ—Ä–ª–∏–≤–∏ –ø—Ä–æ–±–ª–µ–º–∏ –Ω–∞ –Ω–∞—à–∏—Ç–µ —Å–æ–≥—Ä–∞—ì–∞–Ω–∏ –æ–¥ –ú–∏—á—É—Ä–∏–Ω –∏ –õ–∏—Å–∏—á–µ, –∏–∑—ò–∞–≤–∏ –ö–æ–æ—Ä–¥–∏–Ω–∞—Ç–æ—Ä–æ—Ç –Ω–∞ —Å–æ–≤–µ—Ç–Ω–∏—á–∫–∞—Ç–∞ –≥—Ä—É–ø–∞ –Ω–∞ –°–î–°–ú –≤–æ –°–æ–≤–µ—Ç–æ—Ç –Ω–∞ –û–ø—à—Ç–∏–Ω–∞ –ê–µ—Ä–æ–¥—Ä–æ–º, –ú–∏–ª—É—Ç–∏–Ω –†–∏—Å—Ç–µ—Å–∫–∏."
945238346797752,"–ù–∞ –ø—Ä–∞—à–∞—ö–µ—Ç–æ –∑–∞ —É—Ä–±–∞–Ω–∞—Ç–∞ –æ–ø—Ä–µ–º–∞ –Ω–∞ –î–µ—Ç—Å–∫–∞—Ç–∞ —É–ª–∏—Ü–∞ –≤–æ –ù–æ–≤–æ –õ–∏—Å–∏—á–µ –¥–æ–±–∏–≤ –Ω–µ—Ü–µ–ª–æ—Å–µ–Ω –æ–¥–≥–æ–≤–æ—Ä, –ø—Ä–∏ —à—Ç–æ –¥—É—Ä–∏ –Ω–∏ –±—Ä–æ—ò–æ—Ç –Ω–∞ –ø–æ—Å—Ç–∞–≤–µ–Ω–∏ –∫–ª—É–ø–∏ –Ω–µ —Å–æ–æ–¥–≤–µ—Ç—Å—Ç–≤—É–≤–∞ —Å–æ —Å–æ—Å—Ç–æ—ò–±–∞—Ç–∞ –Ω–∞ —Ç–µ—Ä–µ–Ω–æ—Ç, –∞ –Ω–µ–¥–æ—Å—Ç–∞—Å—É–≤–∞—à–µ –∏ –æ–¥–≥–æ–≤–æ—Ä –Ω–∞ –ø—Ä–∞—à–∞—ö–µ—Ç–æ —à—Ç–æ —Å–µ –ø–ª–∞–Ω–∏—Ä–∞ —Å–æ –ø—Ä–∞–∑–Ω–∏—Ç–µ –∂–∞—Ä–¥–∏—ö–µ—Ä–∏ –Ω–∞ –æ–≤–∞–∞ –ª–æ–∫–∞—Ü–∏—ò–∞?

–í–æ –º–µ—ì—É–≤—Ä–µ–º–µ, –∂–∏—Ç–µ–ª–∏—Ç–µ –Ω–∞ –∑–≥—Ä–∞–¥–∏—Ç–µ —Å–æ –±—Ä–æ–µ–≤–∏ 50 –∏ 176 –Ω–∞ –±—É–ª. –ê–°–ù–û–ú –ø—Ä–∞—à—É–≤–∞–∞—Ç –¥–∞–ª–∏ –û–ø—à—Ç–∏–Ω–∞ –ê–µ—Ä–æ–¥—Ä–æ–º –ø–ª–∞–Ω–∏—Ä–∞ —Ä–µ–∫–æ–Ω—Å—Ç—Ä—É–∫—Ü–∏—ò–∞ –Ω–∞ –ø–ª–æ—á–Ω–∏—Ü–∏—Ç–µ –ø—Ä–µ–¥ –æ–≤–∏–µ –∑–≥—Ä–∞–¥–∏, –∫–æ–∏ —Å–µ –≤–æ –∏—Å–∫–ª—É—á–∏—Ç–µ–ª–Ω–æ –ª–æ—à–∞ —Å–æ—Å—Ç–æ—ò–±–∞? –í–æ –≤—Ä–Ω–µ–∂–ª–∏–≤–∏ –¥–µ–Ω–æ–≤–∏ –Ω–∞ –æ–≤–∏–µ –ø–æ–≤—Ä—à–∏–Ω–∏ —Å–µ —Å–æ–±–∏—Ä–∞–∞—Ç –≥–æ–ª–µ–º–∏ –∫–æ–ª–∏—á–∏–Ω–∏ –Ω–∞ –≤–æ–¥–∞, —à—Ç–æ –≥–æ –æ—Ç–µ–∂–Ω—É–≤–∞ –¥–≤–∏–∂–µ—ö–µ—Ç–æ –Ω–∞ –æ–≤–∏–µ –Ω–∞—à–∏ —Å–æ–≥—Ä–∞—ì–∞–Ω–∏, –∫–∞–∫–æ –∏ –ø—Ä–∏—Å—Ç–∞–ø–æ—Ç –¥–æ –≤–ª–µ–∑–æ–≤–∏—Ç–µ –Ω–∞ –∑–≥—Ä–∞–¥–∏—Ç–µ.

–î–∞–ª–∏ –æ–ø—à—Ç–∏–Ω–∞—Ç–∞ –ø–ª–∞–Ω–∏—Ä–∞ –∑–∞–º–µ–Ω–∞ –Ω–∞ —É—Ä–±–∞–Ω–∞—Ç–∞ –æ–ø—Ä–µ–º–∞ –∏ –ø–æ–¥–ª–æ–≥–∞—Ç–∞ –Ω–∞ –¥–µ—Ç—Å–∫–æ—Ç–æ –∏–≥—Ä–∞–ª–∏—à—Ç–µ –≤–æ –ø–∞—Ä–∫–æ—Ç —à—Ç–æ —Å–µ –Ω–∞–æ—ì–∞ –ø–æ–º–µ—ì—É –∑–≥—Ä–∞–¥–∏—Ç–µ —Å–æ –±—Ä–æ—ò 98 –∏ 94 –Ω–∞ –±—É–ª. –ê–°–ù–û–ú? - –ø—Ä–∞—à–∞ –Ω–∞ –ø–æ—Å–ª–µ–¥–Ω–∞—Ç–∞ —Å–µ–¥–Ω–∏—Ü–∞, —á–ª–µ–Ω–∫–∞—Ç–∞ –Ω–∞ –°–æ–≤–µ—Ç–æ—Ç –Ω–∞ –û–ø—à—Ç–∏–Ω–∞ –ê–µ—Ä–æ–¥—Ä–æ–º, –°—É–∑–∞–Ω–∞ –î–µ–ª–µ–≤–∞."
442794618181853,"–ò–º–∞ —Ä–∞–∑–ª–∏–∫–∞! 
–°–î–°–ú –≥–æ —à–∏—Ä–∏ –¥–µ–º–æ–∫—Ä–∞—Ç—Å–∫–∏–æ—Ç –≥–ª–∞—Å –ø—Ä–µ–∫—É —Å–≤–æ–∏—Ç–µ –∞–∫—Ç–∏–≤–∏—Å—Ç–∏, –∞ –æ–ø–æ–∑–∏—Ü–∏—ò–∞—Ç–∞ –∫–æ—Ä–∏—Å—Ç–∏ –±–æ—Ç–æ–≤–∏ –∑–∞ –¥–µ–∑–∏–Ω—Ñ–æ—Ä–º–∏—Ä–∞—ö–µ.

–î–∏–≥–∏—Ç–∞–ª–Ω–∞—Ç–∞ –±–∏—Ç–∫–∞ –Ω–∞ –æ–≤–∏–µ –∏–∑–±–æ—Ä–∏ —ú–µ —ò–∞ –¥–æ–±–∏—ò–∞—Ç –°–î–°–ú –∏ –¥–µ–º–æ–∫—Ä–∞—Ç—Å–∫–∏–æ—Ç –±–ª–æ–∫ –±–∏–¥–µ—ò—ú–∏ –≥–ª–∞—Å–æ—Ç –∏ —Å—Ç–∞–≤–æ—Ç –Ω–∞ –ª—É—ì–µ—Ç–æ –∫–æ–∏ —Å–µ –±–æ—Ä–∞—Ç –∑–∞ —Å–æ—Ü–∏—ò–∞–ª–Ω–∞ –ø—Ä–∞–≤–¥–∞ –∏ –∑–∞ –µ–¥–Ω–∞–∫–≤–æ—Å—Ç —Å–µ–∫–æ–≥–∞—à –µ –ø–æ—Å–∏–ª–µ–Ω –∏ –ø–æ–≥–ª–∞—Å–µ–Ω –æ–¥ —Ç–∞—ò–Ω–∏—Ç–µ –ø–æ–¥—Ä—É–º—Å–∫–∏ —Å—Ç—Ä—É–∫—Ç—É—Ä–∏ –Ω–∞ –Ω–∞—Ü–∏–æ–Ω–∞–ª–∏–∑–º–æ—Ç.

–°–î–°–ú —ò–∞ —à–∏—Ä–∏ —Å–≤–æ—ò–∞—Ç–∞ –¥–∏–≥–∏—Ç–∞–ª–Ω–∞ –∞–∫—Ü–∏—ò–∞, –ø—Ä–µ–∫—É –ø–æ—Å—Ç–æ—ò–∞–Ω–æ –ø—Ä–∏–∫–ª—É—á—É–≤–∞—ö–µ –Ω–æ–≤–∏ –∏ –ø–æ—Å–≤–µ—Ç–µ–Ω–∏ –ø–æ–¥–¥–¥—Ä–∂—É–≤–∞—á–∏ –Ω–∞ —Å–æ—Ü–∏—ò–∞–ª–¥–µ–º–æ–∫—Ä–∞—Ç—Å–∫–∞—Ç–∞ –∫–∞—É–∑–∞. 

–ò–º –±–ª–∞–≥–æ–¥–∞—Ä–∞–º –Ω–∞ —Å–∏—Ç–µ –∞–∫—Ç–∏–≤–∏—Å—Ç–∏ –æ–¥ –ò–∑–±–æ—Ä–Ω–∞ –µ–¥–∏–Ω–∏—Ü–∞ 1 –∫–æ–∏ –¥–µ–Ω–µ—Å –Ω–∏ —Å–µ –ø—Ä–∏–∫–ª—É—á–∏—ò–∞ –Ω–∞ —Ä–∞–±–æ—Ç–∏–ª–Ω–∏—Ü–∞—Ç–∞ –Ω–∞ #–°–î–°–ú –ø–æ—Å–≤–µ—Ç–µ–Ω–∞ –Ω–∞ #–î–∏–≥–∏—Ç–∞–ª–Ω–∞–ê–∫—Ü–∏—ò–∞."
714286924199553,"‚úäÔ∏èüü• –°–æ—Ü–∏—ò–∞–ª–¥–µ–º–æ–∫—Ä–∞—Ç—Å–∫–∏—Ç–µ –≤—Ä–µ–¥–Ω–æ—Å—Ç–∏ –∑–∞ –µ–¥–Ω–∞–∫–≤–æ—Å—Ç –≥–æ –ø—Ä–æ–º–æ–≤–∏—Ä–∞–∞—Ç –º–æ—ú–Ω–æ—Ç–æ –≤–ª–∏—ò–∞–Ω–∏–µ –Ω–∞ –∂–µ–Ω–∏—Ç–µ –≤–æ –Ω–∞—à–∞—Ç–∞ –∑–∞–µ–¥–Ω–∏—Ü–∞. 

üü•‚¨úÔ∏è –ì–ª–∞—Å–æ—Ç –Ω–∞ —Å–∏—Ç–µ –∂–µ–Ω–∏ –µ –≤–∞–∂–µ–Ω, –≤–∞—à–∞—Ç–∞ —Å–∏–ª–∞ –µ –¥–≤–∏–∂–µ—á–∫–∞—Ç–∞ —Å–∏–ª–∞ –Ω–∞ –æ–ø—à—Ç–µ—Å—Ç–≤–æ—Ç–æ. 

–ë–æ—Ä–±–∞—Ç–∞ –ø—Ä–æ–¥–æ–ª–∂—É–≤–∞ –¥–æ –≤–ª–µ–∑–æ—Ç –≤–æ –ï–≤—Ä–æ–ø—Å–∫–∞—Ç–∞ –£–Ω–∏—ò–∞, –Ω–æ—Å–∏—Ç–µ–ª–∏ –∏ –∫—Ä–µ–∞—Ç–æ—Ä–∏ –Ω–∞ —É—Å–ø–µ—Ö–æ—Ç —Å–µ –∂–µ–Ω–∏—Ç–µ —Å–æ –∫–æ–∏ —Å–º–µ –æ–ø–∫—Ä—É–∂–µ–Ω–∏ –∏ —Å–µ–∫–æ—ò–¥–Ω–µ–≤–Ω–æ —Å–µ –±–æ—Ä–∞—Ç –∑–∞ —Å–≤–æ–∏—Ç–µ –ø–æ–∑–∏—Ü–∏–∏,  —Å—Ç–∞–≤–æ–≤–∏ –∏ –≤–ª–∏—ò–∞–Ω–∏–µ. 

üü•‚¨úÔ∏è –ó–∞ –ø–æ–±–µ–¥–∞, –∑–∞ —Å–µ–∫–æ—ò–∞ –∂–µ–Ω–∞ –≤–æ –ú–∞–∫–µ–¥–æ–Ω–∏—ò–∞, –∑–∞ –µ–≤—Ä–æ–ø—Å–∫–∞ –∏–¥–Ω–∏–Ω–∞ –Ω–∞ –Ω–∞—à–∏—Ç–µ –ø–æ–∫–æ–ª–µ–Ω–∏—ò–∞. 

–û–¥ –¥–µ–Ω–µ—à–Ω–∞—Ç–∞ —Ä–∞–±–æ—Ç–∏–ª–Ω–∏—Ü–∞ —Å–æ –¥—Ä—É–≥–∞—Ä–∫–∏—Ç–µ –æ–¥ –°–î–°–ú."
1645479532926875,"–ì—Ä–∞–¥–æ–Ω–∞—á–∞–ª–Ω–∏–∫–æ—Ç –¢–∏–º—á–æ –ú—É—Ü—É–Ω—Å–∫–∏ —ò–∞ –ø—Ä–µ—Å–ø–∞ —Ü–µ–ª–∞ 2023 –≥–æ–¥–∏–Ω–∞. –û–≤–∞ —Å–µ –≥–ª–µ–¥–∞ –∏ –≤–æ –∑–∞–≤—Ä—à–Ω–∞—Ç–∞ —Å–º–µ—Ç–∫–∞ –∏ –≥–æ–¥–∏—à–Ω–∏–æ—Ç –∏–∑–≤–µ—à—Ç–∞—ò –Ω–∞ –û–ø—à—Ç–∏–Ω–∞ #–ê–µ—Ä–æ–¥—Ä–æ–º —É—Å–≤–æ–µ–Ω–∏ –Ω–∞ –ø–æ—Å–ª–µ–¥–Ω–∞—Ç–∞ —Å–µ–¥–Ω–∏—Ü–∞ –Ω–∞ –æ–ø—à—Ç–∏–Ω—Å–∫–∏–æ—Ç –°–æ–≤–µ—Ç.

–°–æ–≥–ª–∞—Å–Ω–æ –æ–≤–∏–µ –æ—Ñ–∏—Ü–∏—ò–∞–ª–Ω–∏ –¥–æ–∫—É–º–µ–Ω—Ç–∏ –û–ø—à—Ç–∏–Ω–∞ –ê–µ—Ä–æ–¥—Ä–æ–º –º–∏–Ω–∞—Ç–∞—Ç–∞ –≥–æ–¥–∏–Ω–∞ —ò–∞ –∑–∞–≤—Ä—à–∏ —Å–æ —Ä–µ–∞–ª–∏–∑–∞—Ü–∏—ò–∞ –Ω–∞ —Å–∞–º–æ 66% –æ–¥ –ø–ª–∞–Ω–∏—Ä–∞–Ω–∏—Ç–µ –¥–∞–Ω–æ—á–Ω–∏ –ø—Ä–∏—Ö–æ–¥–∏ –Ω–∞ –æ—Å–Ω–æ–≤–Ω–∏–æ—Ç –ë—É—ü–µ—Ç. –°–æ –¥—Ä—É–≥–∏ –∑–±–æ—Ä–æ–≤–∏ –±–∏–ª–µ —Ä–µ–∞–ª–∏–∑–∏—Ä–∞–Ω–∏ 264,8 –æ–¥ –ø–ª–∞–Ω–∏—Ä–∞–Ω–∏—Ç–µ 397,8 –º–∏–ª–∏–æ–Ω–∏ –¥–µ–Ω–∞—Ä–∏. –û–¥ –æ–≤–∞ —Å–µ –≥–ª–µ–¥–∞ –¥–µ–∫–∞ –ø—Ä–∏–±–∏—Ä–∞—ö–µ—Ç–æ –Ω–∞ –±—É—ü–µ—Ç—Å–∫–∏—Ç–µ –ø—Ä–∏—Ö–æ–¥–∏ –Ω–∞ –û–ø—à—Ç–∏–Ω–∞ –ê–µ—Ä–æ–¥—Ä–æ–º –ª–∞–Ω–∏ —ù –æ–¥–µ–ª–æ –∏—Å–∫–ª—É—á–∏—Ç–µ–ª–Ω–æ –ª–æ—à–æ. –¢–æ–∞ –≥–æ –¥–æ–≤–µ–¥–µ –≤–æ –ø—Ä–∞—à–∞—ö–µ –Ω–æ—Ä–º–∞–ª–Ω–æ—Ç–æ —Ñ—É–Ω–∫—Ü–∏–æ–Ω–∏—Ä–∞—ö–µ –Ω–∞ –æ–ø—à—Ç–∏–Ω–∞—Ç–∞ –∏ —Ñ–∏–Ω–∞–Ω—Å–∏—Ä–∞—ö–µ—Ç–æ –Ω–∞ —Ä–µ–¥–æ–≤–Ω–∏—Ç–µ –æ–±–≤—Ä—Å–∫–∏.

–¢–æ–∞ –æ–±—ò–∞—Å–Ω—É–≤–∞ –∑–æ—à—Ç–æ –Ω–∞ –∫—Ä–∞—ò–æ—Ç –Ω–∞ –≥–æ–¥–∏–Ω–∞—Ç–∞ –Ω–∞ —à–≤–µ—Ä—Ü–µ—Ä—Å–∫–∏ –Ω–∞—á–∏–Ω, —Å–æ –æ–¥–ª—É–∫–∞ –Ω–∞ –°–æ–≤–µ—Ç —Å–ø–æ–Ω–∑–æ—Ä—Å—Ç–≤–æ—Ç–æ –∑–∞ –ö–ö #–ú–ó–¢ –±–µ—à–µ –Ω–∞–º–∞–ª–µ–Ω–æ –æ–¥ 24 –Ω–∞ 19,7 –º–∏–ª–∏–æ–Ω–∏ –¥–µ–Ω–∞—Ä–∏. –ú–µ—ì—É –¥—Ä—É–≥–æ—Ç–æ, —Ç–æ–∞ –µ –ø—Ä–∏—á–∏–Ω–∞ –∑–∞ –¥–æ—Ü–Ω–µ—ö–µ—Ç–æ –Ω–∞ –ø–ª–∞—Ç–∏—Ç–µ –Ω–∞ –∏–≥—Ä–∞—á–∏—Ç–µ –∏ –≤—Ä–∞–±–æ—Ç–µ–Ω–∏—Ç–µ –≤–æ –∫–æ—à–∞—Ä–∫–∞—Ä—Å–∫–∏–æ—Ç –∫–ª—É–±. 

–¢–æ–∞ –≥–∏ –æ–±—ò–∞—Å–Ω—É–≤–∞ –∏ –æ–≥—Ä–æ–º–Ω–∏—Ç–µ –∫—Ä–∞—Ç–µ—ö–∞ –≤–æ –ø–æ–¥–¥—Ä—à–∫–∞—Ç–∞ –Ω–∞ –∫—É–ª—Ç—É—Ä–∞—Ç–∞, —Å–ø–æ—Ä—Ç–æ—Ç –∏ –Ω–µ–≤–ª–∞–¥–∏–Ω–∏–æ—Ç —Å–µ–∫—Ç–æ—Ä. –ù–∞ –∏—Å—Ç–∏–æ—Ç —à–≤–µ—Ä—Ü–µ—Ä—Å–∫–∏ –Ω–∞—á–∏–Ω, –º–Ω–æ–∑–∏–Ω—Å—Ç–≤–æ—Ç–æ –Ω–∞ –í–ú–†–û-–î–ü–ú–ù–ï –Ω–∞ –∫—Ä–∞—ò–æ—Ç –Ω–∞ –º–∏–Ω–∞—Ç–∞—Ç–∞ –≥–æ–¥–∏–Ω–∞ –æ–¥–ª—É—á–∏ –∏—Å–ø–ª–∞—Ç–∏—Ç–µ –æ–¥ —ò–∞–≤–Ω–∏—Ç–µ –ø–æ–≤–∏—Ü–∏ –∑–∞ –ø–æ–¥—Ä—à–∫–∞ –Ω–∞ —Å–ø–æ—Ä—Ç–æ—Ç –∏ –∫—É–ª—Ç—É—Ä–∞—Ç–∞ –¥–∞ –≥–∏ –ø—Ä–æ–¥–æ–ª–∂–∏ –∏ –≥–æ–¥–∏–Ω–∞–≤–∞, –æ–¥ –Ω–æ–≤–∏–æ—Ç –±—É—ü–µ—Ç.

–ì–æ –ø–æ–≤–∏–∫—É–≤–∞–º–µ –≥—Ä–∞–¥–æ–Ω–∞—á–∞–ª–Ω–∏–∫–æ—Ç #–ú—É—Ü—É–Ω—Å–∫–∏ –¥–∞ —Å–µ —Ä–∞–∑–±—É–¥–∏ –æ–¥ –∑–∏–º—Å–∫–∏–æ—Ç —Å–æ–Ω –∏ –∫–æ–Ω–µ—á–Ω–æ –¥–∞ –ø–æ—á–Ω–µ –¥–∞ —Ä–∞–±–æ—Ç–∏.

–ì—Ä–∞—ì–∞–Ω–∏—Ç–µ —Å–æ –ø—Ä–∞–≤–æ –ø—Ä–∞—à—É–≤–∞–∞—Ç, –∏–º–∞ –ª–∏ –ê–µ—Ä–æ–¥—Ä–æ–º –≥—Ä–∞–¥–æ–Ω–∞—á–∞–ª–Ω–∏–∫?"
1361813384502270,"üó£Ô∏è–ò–∑–±–æ—Ä–æ—Ç –Ω–∞ –ø—Ä–µ—Ç—Å—Ç–æ—ò–Ω–∏—Ç–µ –∏–∑–±–æ—Ä–∏ –µ –ø–æ–º–µ—ì—É –µ–≤—Ä–æ–ø—Å–∫–∞—Ç–∞  –∏–¥–Ω–∏–Ω–∞—Ç–∞ —Å–æ –°–î–°–ú –∏ –±–µ–∑–Ω–∞–¥–µ–∂–Ω–æ—Å—Ç–∞ —Å–æ –î–ü–ú–ù–ï, –∏–∑–±–æ—Ä –ø–æ–º–µ—ì—É –Ω–∞–¥–µ–∂ –∏ –æ—Ç–∫–∞–∂—É–≤–∞—ö–µ.

‚úÖ–ì–ª–∞—Å –∑–∞ –°–î–°–ú –∏ –°—Ç–µ–≤–æ –ü–µ–Ω–¥–∞—Ä–æ–≤—Å–∫–∏ –µ –≥–ª–∞—Å –∑–∞ –ú–∞–∫–µ–¥–æ–Ω–∏—ò–∞ –∫–∞–∫–æ —Ä–∞–º–Ω–æ–ø—Ä–∞–≤–Ω–∞ –∏ –ø—Ä–æ—Å–ø–µ—Ä–∏—Ç–µ—Ç–Ω–∞ —á–ª–µ–Ω–∫–∞ –Ω–∞ –ï–£.

‚ùå–ò–∑–±–æ—Ä–æ—Ç –Ω–∞ –î–ü–ú–ù–ï –∏ –°–∏–ª—ò–∞–Ω–æ–≤—Å–∫–∞ –∑–Ω–∞—á–∏ –∏–∑–æ–ª–∏—Ä–∞–Ω–∞ –∏ –∑–∞—Ç–≤–æ—Ä–µ–Ω–∞ –¥—Ä–∂–∞–≤–∞ –±–µ–∑ –Ω–∞–¥–µ–∂ –∑–∞ –ø–æ–¥–æ–±—Ä–æ —É—Ç—Ä–µ."
399095386070049,"–°–î–ú–ú –∫–∞–∫–æ –Ω–∞—ò–ø—Ä–æ–≥—Ä–µ—Å–∏–≤–Ω–∞ –ø–æ–ª–∏—Ç–∏—á–∫–∞ –º–ª–∞–¥–∏–Ω–∞ –ø—Ä–µ—Ç—Å—Ç–∞–≤—É–≤–∞ –∞–∫—Ç–∏–≤–µ–Ω –∫—Ä–µ–∞—Ç–æ—Ä –Ω–∞ –Ω–æ–≤–∏ –∏ –æ–¥—Ä–∂–ª–∏–≤–∏ –ø–æ–ª–∏—Ç–∏–∫–∏ –∫–æ–∏ –∑–Ω–∞—á–∞—Ç –ø–æ–∫–≤–∞–ª–∏—Ç–µ—Ç–Ω–æ –æ–±—Ä–∞–∑–æ–≤–∞–Ω–∏–µ, –æ—Ç–≤–æ—Ä–∞—ö–µ –Ω–∞ –Ω–æ–≤–∏ –º–æ–∂–Ω–æ—Å—Ç–∏ –∑–∞ –∫–∞—Ä–∏–µ—Ä–µ–Ω —Ä–∞–∑–≤–æ—ò, –Ω–æ–≤–∏ —Ä–∞–±–æ—Ç–Ω–∏ –º–µ—Å—Ç–∞ –∏ –ø–æ–¥–æ–±–∞—Ä –∂–∏–≤–æ—Ç–µ–Ω —Å—Ç–∞–Ω–¥–∞—Ä–¥ –∑–∞ –º–ª–∞–¥–∏—Ç–µ. –û–≤–∞ –±–µ—à–µ –≥–ª–∞–≤–Ω–∞—Ç–∞ –ø–æ—Ä–∞–∫–∞ –∫–æ—ò–∞ –º–ª–∞–¥–∏—Ç–µ —Å–æ—Ü–∏—ò–∞–ª–¥–µ–º–æ–∫—Ä–∞—Ç–∏ —ò–∞ –∏—Å–ø—Ä–∞—Ç–∏—ò–∞ –Ω–∞ –≤—á–µ—Ä–∞—à–Ω–∞—Ç–∞ —Å—Ä–µ–¥–±–∞ —Å–æ –∑–∞–º–µ–Ω–∏–∫ –º–∏–Ω–∏—Å—Ç–µ—Ä–∫–∞—Ç–∞ –∑–∞ –∑–¥—Ä–∞–≤—Å—Ç–≤–æ –ú–∞—ò–∞ –ú–∞–Ω–æ–ª–µ–≤–∞ –∏ –ø—Ä–∞—Ç–µ–Ω–∏—á–∫–∏—Ç–µ –ú–∞—Ä–∏—ò–∞ –ö–æ—á–æ–≤—Å–∫–∞ –∏ –î–∞–Ω–∏–µ–ª–∞ –ù–∏–∫–æ–ª–æ–≤–∞.

–ù–∞ –∏–Ω–∏—Ü–∏—ò–∞—Ç–∏–≤–∞ –Ω–∞ –°–î–ú–ú –∑–∞ –ø—Ä–≤–ø–∞—Ç —Å–µ –≤–æ–≤–µ–¥–µ —Å—É–±–≤–µ–Ω—Ü–∏–æ–Ω–∏—Ä–∞–Ω —Å—Ç—É–¥–µ–Ω—Ç—Å–∫–∏ –æ–±—Ä–æ–∫ –æ–¥  –Ω–∞–¥ 3.300 –¥–µ–Ω–∞—Ä–∏ –º–µ—Å–µ—á–Ω–æ, –º–µ—Ä–∫–∞ —Å–æ –∫–æ—ò–∞ —Å–µ –æ–ø—Ñ–∞—Ç–µ–Ω–∏ –æ–∫–æ–ª—É 40.000 —Å—Ç—É–¥–µ–Ω—Ç–∏.

–°–î–°–ú –≥–∏ –∑–≥–æ–ª–µ–º–∏ —Å—Ç—É–¥–µ–Ω—Ç—Å–∫–∏—Ç–µ —Å—Ç–∏–ø–µ–Ω–¥–∏–∏, –≤–æ –Ω–µ–∫–æ–∏ –∫–∞—Ç–µ–≥–æ—Ä–∏–∏ –∏ –∑–∞ 80 –æ—Ç—Å—Ç–æ.

–ó–∞ –ø—Ä–≤–ø–∞—Ç –ø–æ —Ü–µ–ª–∞ –µ–¥–Ω–∞ –¥–µ—Ü–µ–Ω–∏—ò–∞ –°–î–°–ú –≤–æ–≤–µ–¥–µ —Å—Ç–∏–ø–µ–Ω–¥–∏–∏ –∑–∞ –≤—Ç–æ—Ä —Ü–∏–∫–ª—É—Å –æ–¥ 9.000 –¥–µ–Ω–∞—Ä–∏ –∏ —Ç—Ä–µ—Ç —Ü–∏–∫–ª—É—Å –æ–¥ 18.000 –¥–µ–Ω–∞—Ä–∏ –∑–∞ –¥–µ—Ñ–∏—Ü–∏—Ç–∞—Ä–Ω–∏ —Å—Ç—Ä—É–∫–∏.

–ü—Ä–µ–∫—É –ì–∞—Ä–∞–Ω—Ü–∏—ò–∞—Ç–∞ –∑–∞ –º–ª–∞–¥–∏ –æ–ø—Ñ–∞—Ç–µ–Ω–∏ —Å–µ 80.000 –º–ª–∞–¥–∏ –∫–æ–∏ —Å–µ —Å—Ç–µ–∫–Ω–∞–∞ —Å–æ –≤—Ä–∞–±–æ—Ç—É–≤–∞—ö–µ, –ø–ª–∞—Ç–µ–Ω–∞ –ø—Ä–∞–∫—Å–∞ –∏–ª–∏ –ø—Ä–µ–∫–≤–∞–ª–∏—Ñ–∏–∫–∞—Ü–∏—ò–∞.

–°–æ —É—Å–ø–µ—à–Ω–∏—Ç–µ –µ–∫–æ–Ω–æ–º—Å–∫–∏ –ø–æ–ª–∏—Ç–∏–∫–∏ –¥—Ä–∞—Å—Ç–∏—á–Ω–æ –µ –Ω–∞–º–∞–ª–µ–Ω–∞ —Å—Ç–∞–ø–∫–∞—Ç–∞ –Ω–∞ –º–ª–∞–¥–∏–Ω—Å–∫–∞ –Ω–µ–≤—Ä–∞–±–æ—Ç–µ–Ω–æ—Å—Ç –Ω–∞ –∏—Å—Ç–æ—Ä–∏—Å–∫–∏ –Ω–∞—ò–Ω–∏—Å–∫–æ –Ω–∏–≤–æ.

–í–æ –ø—Ä–æ–∏–∑–≤–æ–¥—Å—Ç–≤–æ—Ç–æ –°–î–°–ú –æ–±–µ–∑–±–µ–¥–∏ –ø–æ—Å–µ–±–µ–Ω –º–ª–∞–¥–∏–Ω—Å–∫–∏ –¥–æ–¥–∞—Ç–æ–∫ –æ–¥ 3.000 –¥–µ–Ω–∞—Ä–∏ –∑–∞ —Å–∏—Ç–µ –≤—Ä–∞–±–æ—Ç–µ–Ω–∏ –¥–æ 23 –≥–æ–¥–∏–Ω–∏ –≤–æ–∑—Ä–∞—Å—Ç.

–û–±–µ–∑–±–µ–¥–µ–Ω–∏ —Å–µ –∏ –≥—Ä–∞–Ω—Ç–æ–≤–∏ –∑–∞ —Å–∞–º–æ–≤—Ä–∞–±–æ—Ç—É–≤–∞—ö–µ –∑–∞ –º–ª–∞–¥–∏, 5.000 –µ–≤—Ä–∞ –ø–æ –ª–∏—Ü–µ –∏–ª–∏ 10.000 –∑–∞ –¥–≤–∞—ò—Ü–∞ –ø–∞—Ä—Ç–Ω–µ—Ä–∏ –¥–æ–∫–æ–ª–∫—É –æ—Å–Ω–æ–≤–∞–∞—Ç —Ñ–∏—Ä–º–∞.

–î–æ–ø–æ–ª–Ω–∏—Ç–µ–ª–Ω–æ, –æ–±–µ–∑–±–µ–¥–µ–Ω–∏ —Å–µ –≥—Ä–∞–Ω—Ç–æ–≤–∏ –æ–¥ 10.000, –æ–¥–Ω–æ—Å–Ω–æ 20.000 –µ–≤—Ä–∞ –∑–∞ –º–ª–∞–¥–∏ –∑–µ–º—ò–æ–¥–µ–ª—Ü–∏ –¥–æ 40 –≥–æ–¥–∏—à–Ω–∞ –≤–æ–∑—Ä–∞—Å—Ç.

–ú–ª–∞–¥–∏—Ç–µ —Å–æ—Ü–∏—ò–∞–ª–¥–µ–º–æ–∫—Ä–∞—Ç–∏ —Å–µ –Ω–æ—Å–∏—Ç–µ–ª–∏ –Ω–∞ –µ–≤—Ä–æ–ø—Å–∫–∞—Ç–∞ –∏–¥–µ—ò–∞, –∞–∫—Ç–∏–≤–Ω–æ —Ä–∞–±–æ—Ç–µ—ò—ú–∏ –Ω–∞ —Ä–µ–∞–ª–∏–∑–∞—Ü–∏—ò–∞ –Ω–∞ —Å—Ç—Ä–∞—Ç–µ—à–∫–∞—Ç–∞ —Ü–µ–ª —á–ª–µ–Ω—Å—Ç–≤–æ –≤–æ –ï–£ –¥–æ 2030 –≥–æ–¥–∏–Ω–∞."
756602013102371,"–ò–º–∞ —Ä–∞–∑–ª–∏–∫–∞! 
–°–î–°–ú –≥–æ —à–∏—Ä–∏ –¥–µ–º–æ–∫—Ä–∞—Ç—Å–∫–∏–æ—Ç –≥–ª–∞—Å –ø—Ä–µ–∫—É —Å–≤–æ–∏—Ç–µ –∞–∫—Ç–∏–≤–∏—Å—Ç–∏, –∞ –æ–ø–æ–∑–∏—Ü–∏—ò–∞—Ç–∞ –∫–æ—Ä–∏—Å—Ç–∏ –±–æ—Ç–æ–≤–∏ –∑–∞ –¥–µ–∑–∏–Ω—Ñ–æ—Ä–º–∏—Ä–∞—ö–µ.

–î–∏–≥–∏—Ç–∞–ª–Ω–∞—Ç–∞ –±–∏—Ç–∫–∞ –Ω–∞ –æ–≤–∏–µ –∏–∑–±–æ—Ä–∏ —ú–µ —ò–∞ –¥–æ–±–∏—ò–∞—Ç –°–î–°–ú –∏ –¥–µ–º–æ–∫—Ä–∞—Ç—Å–∫–∏–æ—Ç –±–ª–æ–∫ –±–∏–¥–µ—ò—ú–∏ –≥–ª–∞—Å–æ—Ç –∏ —Å—Ç–∞–≤–æ—Ç –Ω–∞ –ª—É—ì–µ—Ç–æ –∫–æ–∏ —Å–µ –±–æ—Ä–∞—Ç –∑–∞ —Å–æ—Ü–∏—ò–∞–ª–Ω–∞ –ø—Ä–∞–≤–¥–∞ –∏ –∑–∞ –µ–¥–Ω–∞–∫–≤–æ—Å—Ç —Å–µ–∫–æ–≥–∞—à –µ –ø–æ—Å–∏–ª–µ–Ω –∏ –ø–æ–≥–ª–∞—Å–µ–Ω –æ–¥ —Ç–∞—ò–Ω–∏—Ç–µ –ø–æ–¥—Ä—É–º—Å–∫–∏ —Å—Ç—Ä—É–∫—Ç—É—Ä–∏ –Ω–∞ –Ω–∞—Ü–∏–æ–Ω–∞–ª–∏–∑–º–æ—Ç.

–°–î–°–ú —ò–∞ —à–∏—Ä–∏ —Å–≤–æ—ò–∞—Ç–∞ –¥–∏–≥–∏—Ç–∞–ª–Ω–∞ –∞–∫—Ü–∏—ò–∞, –ø—Ä–µ–∫—É –ø–æ—Å—Ç–æ—ò–∞–Ω–æ –ø—Ä–∏–∫–ª—É—á—É–≤–∞—ö–µ –Ω–æ–≤–∏ –∏ –ø–æ—Å–≤–µ—Ç–µ–Ω–∏ –ø–æ–¥–¥–¥—Ä–∂—É–≤–∞—á–∏ –Ω–∞ —Å–æ—Ü–∏—ò–∞–ª–¥–µ–º–æ–∫—Ä–∞—Ç—Å–∫–∞—Ç–∞ –∫–∞—É–∑–∞. 

–ò–º –±–ª–∞–≥–æ–¥–∞—Ä–∞–º –Ω–∞ —Å–∏—Ç–µ –∞–∫—Ç–∏–≤–∏—Å—Ç–∏ –æ–¥ –ò–∑–±–æ—Ä–Ω–∞ –µ–¥–∏–Ω–∏—Ü–∞ 1 –∫–æ–∏ –¥–µ–Ω–µ—Å –Ω–∏ —Å–µ –ø—Ä–∏–∫–ª—É—á–∏—ò–∞ –Ω–∞ —Ä–∞–±–æ—Ç–∏–ª–Ω–∏—Ü–∞—Ç–∞ –Ω–∞ #–°–î–°–ú –ø–æ—Å–≤–µ—Ç–µ–Ω–∞ –Ω–∞ #–î–∏–≥–∏—Ç–∞–ª–Ω–∞–ê–∫—Ü–∏—ò–∞."
1407131863341713,"‚úäÔ∏èüü• –°–æ—Ü–∏—ò–∞–ª–¥–µ–º–æ–∫—Ä–∞—Ç—Å–∫–∏—Ç–µ –≤—Ä–µ–¥–Ω–æ—Å—Ç–∏ –∑–∞ –µ–¥–Ω–∞–∫–≤–æ—Å—Ç –≥–æ –ø—Ä–æ–º–æ–≤–∏—Ä–∞–∞—Ç –º–æ—ú–Ω–æ—Ç–æ –≤–ª–∏—ò–∞–Ω–∏–µ –Ω–∞ –∂–µ–Ω–∏—Ç–µ –≤–æ –Ω–∞—à–∞—Ç–∞ –∑–∞–µ–¥–Ω–∏—Ü–∞. 

üü•‚¨úÔ∏è –ì–ª–∞—Å–æ—Ç –Ω–∞ —Å–∏—Ç–µ –∂–µ–Ω–∏ –µ –≤–∞–∂–µ–Ω, –≤–∞—à–∞—Ç–∞ —Å–∏–ª–∞ –µ –¥–≤–∏–∂–µ—á–∫–∞—Ç–∞ —Å–∏–ª–∞ –Ω–∞ –æ–ø—à—Ç–µ—Å—Ç–≤–æ—Ç–æ. 

–ë–æ—Ä–±–∞—Ç–∞ –ø—Ä–æ–¥–æ–ª–∂—É–≤–∞ –¥–æ –≤–ª–µ–∑–æ—Ç –≤–æ –ï–≤—Ä–æ–ø—Å–∫–∞—Ç–∞ –£–Ω–∏—ò–∞, –Ω–æ—Å–∏—Ç–µ–ª–∏ –∏ –∫—Ä–µ–∞—Ç–æ—Ä–∏ –Ω–∞ —É—Å–ø–µ—Ö–æ—Ç —Å–µ –∂–µ–Ω–∏—Ç–µ —Å–æ –∫–æ–∏ —Å–º–µ –æ–ø–∫—Ä—É–∂–µ–Ω–∏ –∏ —Å–µ–∫–æ—ò–¥–Ω–µ–≤–Ω–æ —Å–µ –±–æ—Ä–∞—Ç –∑–∞ —Å–≤–æ–∏—Ç–µ –ø–æ–∑–∏—Ü–∏–∏,  —Å—Ç–∞–≤–æ–≤–∏ –∏ –≤–ª–∏—ò–∞–Ω–∏–µ. 

üü•‚¨úÔ∏è –ó–∞ –ø–æ–±–µ–¥–∞, –∑–∞ —Å–µ–∫–æ—ò–∞ –∂–µ–Ω–∞ –≤–æ –ú–∞–∫–µ–¥–æ–Ω–∏—ò–∞, –∑–∞ –µ–≤—Ä–æ–ø—Å–∫–∞ –∏–¥–Ω–∏–Ω–∞ –Ω–∞ –Ω–∞—à–∏—Ç–µ –ø–æ–∫–æ–ª–µ–Ω–∏—ò–∞. 

–û–¥ –¥–µ–Ω–µ—à–Ω–∞—Ç–∞ —Ä–∞–±–æ—Ç–∏–ª–Ω–∏—Ü–∞ —Å–æ –¥—Ä—É–≥–∞—Ä–∫–∏—Ç–µ –æ–¥ –°–î–°–ú."
1155044768816118,"–ò–º–∞ —Ä–∞–∑–ª–∏–∫–∞! 
–°–î–°–ú –≥–æ —à–∏—Ä–∏ –¥–µ–º–æ–∫—Ä–∞—Ç—Å–∫–∏–æ—Ç –≥–ª–∞—Å –ø—Ä–µ–∫—É —Å–≤–æ–∏—Ç–µ –∞–∫—Ç–∏–≤–∏—Å—Ç–∏, –∞ –æ–ø–æ–∑–∏—Ü–∏—ò–∞—Ç–∞ –∫–æ—Ä–∏—Å—Ç–∏ –±–æ—Ç–æ–≤–∏ –∑–∞ –¥–µ–∑–∏–Ω—Ñ–æ—Ä–º–∏—Ä–∞—ö–µ.

–î–∏–≥–∏—Ç–∞–ª–Ω–∞—Ç–∞ –±–∏—Ç–∫–∞ –Ω–∞ –æ–≤–∏–µ –∏–∑–±–æ—Ä–∏ —ú–µ —ò–∞ –¥–æ–±–∏—ò–∞—Ç –°–î–°–ú –∏ –¥–µ–º–æ–∫—Ä–∞—Ç—Å–∫–∏–æ—Ç –±–ª–æ–∫ –±–∏–¥–µ—ò—ú–∏ –≥–ª–∞—Å–æ—Ç –∏ —Å—Ç–∞–≤–æ—Ç –Ω–∞ –ª—É—ì–µ—Ç–æ –∫–æ–∏ —Å–µ –±–æ—Ä–∞—Ç –∑–∞ —Å–æ—Ü–∏—ò–∞–ª–Ω–∞ –ø—Ä–∞–≤–¥–∞ –∏ –∑–∞ –µ–¥–Ω–∞–∫–≤–æ—Å—Ç —Å–µ–∫–æ–≥–∞—à –µ –ø–æ—Å–∏–ª–µ–Ω –∏ –ø–æ–≥–ª–∞—Å–µ–Ω –æ–¥ —Ç–∞—ò–Ω–∏—Ç–µ –ø–æ–¥—Ä—É–º—Å–∫–∏ —Å—Ç—Ä—É–∫—Ç—É—Ä–∏ –Ω–∞ –Ω–∞—Ü–∏–æ–Ω–∞–ª–∏–∑–º–æ—Ç.

–°–î–°–ú —ò–∞ —à–∏—Ä–∏ —Å–≤–æ—ò–∞—Ç–∞ –¥–∏–≥–∏—Ç–∞–ª–Ω–∞ –∞–∫—Ü–∏—ò–∞, –ø—Ä–µ–∫—É –ø–æ—Å—Ç–æ—ò–∞–Ω–æ –ø—Ä–∏–∫–ª—É—á—É–≤–∞—ö–µ –Ω–æ–≤–∏ –∏ –ø–æ—Å–≤–µ—Ç–µ–Ω–∏ –ø–æ–¥–¥–¥—Ä–∂—É–≤–∞—á–∏ –Ω–∞ —Å–æ—Ü–∏—ò–∞–ª–¥–µ–º–æ–∫—Ä–∞—Ç—Å–∫–∞—Ç–∞ –∫–∞—É–∑–∞. 

–ò–º –±–ª–∞–≥–æ–¥–∞—Ä–∞–º –Ω–∞ —Å–∏—Ç–µ –∞–∫—Ç–∏–≤–∏—Å—Ç–∏ –æ–¥ –ò–∑–±–æ—Ä–Ω–∞ –µ–¥–∏–Ω–∏—Ü–∞ 1 –∫–æ–∏ –¥–µ–Ω–µ—Å –Ω–∏ —Å–µ –ø—Ä–∏–∫–ª—É—á–∏—ò–∞ –Ω–∞ —Ä–∞–±–æ—Ç–∏–ª–Ω–∏—Ü–∞—Ç–∞ –Ω–∞ #–°–î–°–ú –ø–æ—Å–≤–µ—Ç–µ–Ω–∞ –Ω–∞ #–î–∏–≥–∏—Ç–∞–ª–Ω–∞–ê–∫—Ü–∏—ò–∞."
2162516800770883,"‚úäÔ∏èüü• –°–æ—Ü–∏—ò–∞–ª–¥–µ–º–æ–∫—Ä–∞—Ç—Å–∫–∏—Ç–µ –≤—Ä–µ–¥–Ω–æ—Å—Ç–∏ –∑–∞ –µ–¥–Ω–∞–∫–≤–æ—Å—Ç –≥–æ –ø—Ä–æ–º–æ–≤–∏—Ä–∞–∞—Ç –º–æ—ú–Ω–æ—Ç–æ –≤–ª–∏—ò–∞–Ω–∏–µ –Ω–∞ –∂–µ–Ω–∏—Ç–µ –≤–æ –Ω–∞—à–∞—Ç–∞ –∑–∞–µ–¥–Ω–∏—Ü–∞. 

üü•‚¨úÔ∏è –ì–ª–∞—Å–æ—Ç –Ω–∞ —Å–∏—Ç–µ –∂–µ–Ω–∏ –µ –≤–∞–∂–µ–Ω, –≤–∞—à–∞—Ç–∞ —Å–∏–ª–∞ –µ –¥–≤–∏–∂–µ—á–∫–∞—Ç–∞ —Å–∏–ª–∞ –Ω–∞ –æ–ø—à—Ç–µ—Å—Ç–≤–æ—Ç–æ. 

–ë–æ—Ä–±–∞—Ç–∞ –ø—Ä–æ–¥–æ–ª–∂—É–≤–∞ –¥–æ –≤–ª–µ–∑–æ—Ç –≤–æ –ï–≤—Ä–æ–ø—Å–∫–∞—Ç–∞ –£–Ω–∏—ò–∞, –Ω–æ—Å–∏—Ç–µ–ª–∏ –∏ –∫—Ä–µ–∞—Ç–æ—Ä–∏ –Ω–∞ —É—Å–ø–µ—Ö–æ—Ç —Å–µ –∂–µ–Ω–∏—Ç–µ —Å–æ –∫–æ–∏ —Å–º–µ –æ–ø–∫—Ä—É–∂–µ–Ω–∏ –∏ —Å–µ–∫–æ—ò–¥–Ω–µ–≤–Ω–æ —Å–µ –±–æ—Ä–∞—Ç –∑–∞ —Å–≤–æ–∏—Ç–µ –ø–æ–∑–∏—Ü–∏–∏,  —Å—Ç–∞–≤–æ–≤–∏ –∏ –≤–ª–∏—ò–∞–Ω–∏–µ. 

üü•‚¨úÔ∏è –ó–∞ –ø–æ–±–µ–¥–∞, –∑–∞ —Å–µ–∫–æ—ò–∞ –∂–µ–Ω–∞ –≤–æ –ú–∞–∫–µ–¥–æ–Ω–∏—ò–∞, –∑–∞ –µ–≤—Ä–æ–ø—Å–∫–∞ –∏–¥–Ω–∏–Ω–∞ –Ω–∞ –Ω–∞—à–∏—Ç–µ –ø–æ–∫–æ–ª–µ–Ω–∏—ò–∞. 

–û–¥ –¥–µ–Ω–µ—à–Ω–∞—Ç–∞ —Ä–∞–±–æ—Ç–∏–ª–Ω–∏—Ü–∞ —Å–æ –¥—Ä—É–≥–∞—Ä–∫–∏—Ç–µ –æ–¥ –°–î–°–ú."
1340567634002342,"‚úäÔ∏èüü• –°–æ—Ü–∏—ò–∞–ª–¥–µ–º–æ–∫—Ä–∞—Ç—Å–∫–∏—Ç–µ –≤—Ä–µ–¥–Ω–æ—Å—Ç–∏ –∑–∞ –µ–¥–Ω–∞–∫–≤–æ—Å—Ç –≥–æ –ø—Ä–æ–º–æ–≤–∏—Ä–∞–∞—Ç –º–æ—ú–Ω–æ—Ç–æ –≤–ª–∏—ò–∞–Ω–∏–µ –Ω–∞ –∂–µ–Ω–∏—Ç–µ –≤–æ –Ω–∞—à–∞—Ç–∞ –∑–∞–µ–¥–Ω–∏—Ü–∞. 

üü•‚¨úÔ∏è –ì–ª–∞—Å–æ—Ç –Ω–∞ —Å–∏—Ç–µ –∂–µ–Ω–∏ –µ –≤–∞–∂–µ–Ω, –≤–∞—à–∞—Ç–∞ —Å–∏–ª–∞ –µ –¥–≤–∏–∂–µ—á–∫–∞—Ç–∞ —Å–∏–ª–∞ –Ω–∞ –æ–ø—à—Ç–µ—Å—Ç–≤–æ—Ç–æ. 

–ë–æ—Ä–±–∞—Ç–∞ –ø—Ä–æ–¥–æ–ª–∂—É–≤–∞ –¥–æ –≤–ª–µ–∑–æ—Ç –≤–æ –ï–≤—Ä–æ–ø—Å–∫–∞—Ç–∞ –£–Ω–∏—ò–∞, –Ω–æ—Å–∏—Ç–µ–ª–∏ –∏ –∫—Ä–µ–∞—Ç–æ—Ä–∏ –Ω–∞ —É—Å–ø–µ—Ö–æ—Ç —Å–µ –∂–µ–Ω–∏—Ç–µ —Å–æ –∫–æ–∏ —Å–º–µ –æ–ø–∫—Ä—É–∂–µ–Ω–∏ –∏ —Å–µ–∫–æ—ò–¥–Ω–µ–≤–Ω–æ —Å–µ –±–æ—Ä–∞—Ç –∑–∞ —Å–≤–æ–∏—Ç–µ –ø–æ–∑–∏—Ü–∏–∏,  —Å—Ç–∞–≤–æ–≤–∏ –∏ –≤–ª–∏—ò–∞–Ω–∏–µ. 

üü•‚¨úÔ∏è –ó–∞ –ø–æ–±–µ–¥–∞, –∑–∞ —Å–µ–∫–æ—ò–∞ –∂–µ–Ω–∞ –≤–æ –ú–∞–∫–µ–¥–æ–Ω–∏—ò–∞, –∑–∞ –µ–≤—Ä–æ–ø—Å–∫–∞ –∏–¥–Ω–∏–Ω–∞ –Ω–∞ –Ω–∞—à–∏—Ç–µ –ø–æ–∫–æ–ª–µ–Ω–∏—ò–∞. 

–û–¥ –¥–µ–Ω–µ—à–Ω–∞—Ç–∞ —Ä–∞–±–æ—Ç–∏–ª–Ω–∏—Ü–∞ —Å–æ –¥—Ä—É–≥–∞—Ä–∫–∏—Ç–µ –æ–¥ –°–î–°–ú."
1129870555027804,"–ò–º–∞ —Ä–∞–∑–ª–∏–∫–∞! 
–°–î–°–ú –≥–æ —à–∏—Ä–∏ –¥–µ–º–æ–∫—Ä–∞—Ç—Å–∫–∏–æ—Ç –≥–ª–∞—Å –ø—Ä–µ–∫—É —Å–≤–æ–∏—Ç–µ –∞–∫—Ç–∏–≤–∏—Å—Ç–∏, –∞ –æ–ø–æ–∑–∏—Ü–∏—ò–∞—Ç–∞ –∫–æ—Ä–∏—Å—Ç–∏ –±–æ—Ç–æ–≤–∏ –∑–∞ –¥–µ–∑–∏–Ω—Ñ–æ—Ä–º–∏—Ä–∞—ö–µ.

–î–∏–≥–∏—Ç–∞–ª–Ω–∞—Ç–∞ –±–∏—Ç–∫–∞ –Ω–∞ –æ–≤–∏–µ –∏–∑–±–æ—Ä–∏ —ú–µ —ò–∞ –¥–æ–±–∏—ò–∞—Ç –°–î–°–ú –∏ –¥–µ–º–æ–∫—Ä–∞—Ç—Å–∫–∏–æ—Ç –±–ª–æ–∫ –±–∏–¥–µ—ò—ú–∏ –≥–ª–∞—Å–æ—Ç –∏ —Å—Ç–∞–≤–æ—Ç –Ω–∞ –ª—É—ì–µ—Ç–æ –∫–æ–∏ —Å–µ –±–æ—Ä–∞—Ç –∑–∞ —Å–æ—Ü–∏—ò–∞–ª–Ω–∞ –ø—Ä–∞–≤–¥–∞ –∏ –∑–∞ –µ–¥–Ω–∞–∫–≤–æ—Å—Ç —Å–µ–∫–æ–≥–∞—à –µ –ø–æ—Å–∏–ª–µ–Ω –∏ –ø–æ–≥–ª–∞—Å–µ–Ω –æ–¥ —Ç–∞—ò–Ω–∏—Ç–µ –ø–æ–¥—Ä—É–º—Å–∫–∏ —Å—Ç—Ä—É–∫—Ç—É—Ä–∏ –Ω–∞ –Ω–∞—Ü–∏–æ–Ω–∞–ª–∏–∑–º–æ—Ç.

–°–î–°–ú —ò–∞ —à–∏—Ä–∏ —Å–≤–æ—ò–∞—Ç–∞ –¥–∏–≥–∏—Ç–∞–ª–Ω–∞ –∞–∫—Ü–∏—ò–∞, –ø—Ä–µ–∫—É –ø–æ—Å—Ç–æ—ò–∞–Ω–æ –ø—Ä–∏–∫–ª—É—á—É–≤–∞—ö–µ –Ω–æ–≤–∏ –∏ –ø–æ—Å–≤–µ—Ç–µ–Ω–∏ –ø–æ–¥–¥–¥—Ä–∂—É–≤–∞—á–∏ –Ω–∞ —Å–æ—Ü–∏—ò–∞–ª–¥–µ–º–æ–∫—Ä–∞—Ç—Å–∫–∞—Ç–∞ –∫–∞—É–∑–∞. 

–ò–º –±–ª–∞–≥–æ–¥–∞—Ä–∞–º –Ω–∞ —Å–∏—Ç–µ –∞–∫—Ç–∏–≤–∏—Å—Ç–∏ –æ–¥ –ò–∑–±–æ—Ä–Ω–∞ –µ–¥–∏–Ω–∏—Ü–∞ 1 –∫–æ–∏ –¥–µ–Ω–µ—Å –Ω–∏ —Å–µ –ø—Ä–∏–∫–ª—É—á–∏—ò–∞ –Ω–∞ —Ä–∞–±–æ—Ç–∏–ª–Ω–∏—Ü–∞—Ç–∞ –Ω–∞ #–°–î–°–ú –ø–æ—Å–≤–µ—Ç–µ–Ω–∞ –Ω–∞ #–î–∏–≥–∏—Ç–∞–ª–Ω–∞–ê–∫—Ü–∏—ò–∞."
